











colorado yellow pages | co yellow pages | allpages.com



 

































colorado yellow pages
 colorado yellow pages




 



  
a

 
 agate, co
 (5)
  aguilar, co
 (19)
  akron, co
 (143)
  alamosa, co
 (903)
  allenspark, co
 (36)
  alma, co
 (26)
  almont, co
 (16)
  amherst, co
 (4)
  
 
 anton, co
 (15)
  antonito, co
 (130)
  arapahoe, co
 (5)
  arboles, co
 (21)
  arlington, co
 (2)
  arriba, co
 (26)
  arvada, co
 (3888)
  
 
 aspen, co
 (1875)
  atwood, co
 (15)
  ault, co
 (90)
  aurora, co
 (9758)
  austin, co
 (15)
  avon, co
 (808)
  avondale, co
 (28)
  

 
b

 
 bailey, co
 (272)
  basalt, co
 (635)
  bayfield, co
 (242)
  beaver creek, co
 (6)
  bedrock, co
 (3)
  bellvue, co
 (58)
  bennett, co
 (143)
  berthoud, co
 (382)
  bethune, co
 (15)
  beulah, co
 (65)
  
 
 black hawk, co
 (124)
  blanca, co
 (43)
  boncarbo, co
 (4)
  bond, co
 (23)
  boone, co
 (7)
  boulder, co
 (7995)
  brandon, co
 (6)
  branford, co
 (2)
  branson, co
 (5)
  breckenridge, co
 (825)
  
 
 briggsdale, co
 (40)
  brighton, co
 (1476)
  broomfield, co
 (3037)
  brush, co
 (275)
  buckley afb, co
 (2)
  buena vista, co
 (419)
  buffalo creek, co
 (4)
  burlington, co
 (424)
  burns, co
 (4)
  byers, co
 (101)
  

 
c

 
 cahone, co
 (13)
  calhan, co
 (144)
  campo, co
 (18)
  canon city, co
 (997)
  cape may, co
 (1)
  capulin, co
 (7)
  carbondale, co
 (879)
  caroline, co
 (2)
  carr, co
 (17)
  cascade, co
 (55)
  castle pines, co
 (181)
  castle rock, co
 (2014)
  cedaredge, co
 (89)
  centennial, co
 (3461)
  center, co
 (157)
  central city, co
 (47)
  chama, co
 (3)
  cheraw, co
 (6)
  
 
 cherry hills village, co
 (8)
  cheyenne wells, co
 (127)
  chimney rock, co
 (2)
  chromo, co
 (13)
  cimarron, co
 (21)
  clark, co
 (24)
  clifton, co
 (200)
  climax, co
 (1)
  coal creek, co
 (1)
  coaldale, co
 (14)
  colchester, co
 (1)
  collbran, co
 (75)
  colorado city, co
 (92)
  colorado springs, co
 (19652)
  columbine, co
 (1)
  columbine valley, co
 (1)
  commerce city, co
 (1558)
  como, co
 (4)
  
 
 conejos, co
 (12)
  conifer, co
 (333)
  conn, co
 (1)
  cope, co
 (9)
  copper mountain, co
 (1)
  cortez, co
 (831)
  cory, co
 (4)
  cotopaxi, co
 (41)
  cowdrey, co
 (3)
  craig, co
 (670)
  crawford, co
 (29)
  creede, co
 (122)
  crested butte, co
 (443)
  crestone, co
 (71)
  cripple creek, co
 (113)
  cromwell, co
 (1)
  crook, co
 (21)
  crowley, co
 (8)
  

 
d

 
 dacono, co
 (111)
  de beque, co
 (42)
  deer trail, co
 (49)
  del norte, co
 (118)
  delta, co
 (695)
  
 
 denver, co
 (38414)
  dillon, co
 (504)
  dinosaur, co
 (36)
  divide, co
 (84)
  dolores, co
 (166)
  
 
 dove creek, co
 (88)
  drake, co
 (28)
  dumont, co
 (20)
  dupont, co
 (13)
  durango, co
 (2487)
  

 
e

 
 eads, co
 (70)
  eagle, co
 (652)
  east englewood, co
 (1)
  eastlake, co
 (20)
  eaton, co
 (202)
  eckert, co
 (29)
  eckley, co
 (15)
  
 
 edgewater, co
 (149)
  edwards, co
 (807)
  egnar, co
 (8)
  el jebel, co
 (1)
  elbert, co
 (66)
  eldorado springs, co
 (22)
  elizabeth, co
 (336)
  
 
 empire, co
 (20)
  englewood, co
 (5686)
  erie, co
 (482)
  estes park, co
 (824)
  evans, co
 (300)
  evergreen, co
 (1305)
  

 
f

 
 fairplay, co
 (173)
  falcon, co
 (9)
  farmington, co
 (2)
  federal heights, co
 (12)
  firestone, co
 (153)
  flagler, co
 (88)
  fleming, co
 (21)
  florence, co
 (187)
  
 
 florissant, co
 (84)
  fort carson, co
 (4)
  fort collins, co
 (7424)
  fort garland, co
 (44)
  fort lupton, co
 (397)
  fort lyon, co
 (1)
  fort morgan, co
 (745)
  fountain, co
 (430)
  
 
 four corners, co
 (5)
  fowler, co
 (93)
  foxfield, co
 (2)
  franktown, co
 (132)
  fraser, co
 (186)
  frederick, co
 (138)
  frisco, co
 (510)
  fruita, co
 (406)
  

 
g

 
 galeton, co
 (11)
  gardner, co
 (21)
  gardner laveta, co
 (4)
  gateway, co
 (38)
  genoa, co
 (16)
  georgetown, co
 (119)
  gilcrest, co
 (35)
  gill, co
 (11)
  glade park, co
 (14)
  glastonbury, co
 (1)
  
 
 glen haven, co
 (5)
  glendale, co
 (21)
  glenwood springs, co
 (1440)
  golden, co
 (2489)
  granada, co
 (22)
  granby, co
 (333)
  grand county, co
 (1)
  grand junction, co
 (5067)
  grand lake, co
 (174)
  
 
 granite, co
 (4)
  grant, co
 (11)
  greeley, co
 (3956)
  green mountain falls, co
 (20)
  greenwood village, co
 (2611)
  grover, co
 (30)
  guffey, co
 (19)
  gunnison, co
 (632)
  gypsum, co
 (385)
  

 
h

 
 hamilton, co
 (4)
  hartford, co
 (4)
  hartman, co
 (2)
  hartsel, co
 (20)
  hasty, co
 (9)
  haswell, co
 (7)
  haxtun, co
 (136)
  hayden, co
 (113)
  heeney, co
 (2)
  henderson, co
 (305)
  
 
 hereford, co
 (5)
  hesperus, co
 (28)
  highlands ranch, co
 (1624)
  hildale, co
 (1)
  hillrose, co
 (7)
  hillside, co
 (2)
  hoehne, co
 (3)
  holly, co
 (75)
  holyoke, co
 (192)
  homelake, co
 (1)
  
 
 hooper, co
 (6)
  hot sulphur springs, co
 (60)
  hotchkiss, co
 (112)
  howard, co
 (38)
  howard westcliff, co
 (4)
  hudson, co
 (97)
  hugo, co
 (56)
  huntington, co
 (3)
  hygiene, co
 (5)
  

 
i

 
 idaho springs, co
 (260)
  idalia, co
 (25)
  
 
 idledale, co
 (19)
  ignacio, co
 (192)
  
 
 iliff, co
 (13)
  indian hills, co
 (43)
  

 
j

 
 jamestown, co
 (10)
  jaroso, co
 (2)
  
 
 jefferson, co
 (17)
  joes, co
 (31)
  
 
 johnstown, co
 (255)
  julesburg, co
 (128)
  

 
k

 
 karval, co
 (8)
  keenesburg, co
 (105)
  kersey, co
 (53)
  keystone, co
 (2)
  
 
 kim, co
 (13)
  kiowa, co
 (90)
  kirk, co
 (21)
  
 
 kit carson, co
 (33)
  kittredge, co
 (38)
  kremmling, co
 (133)
  

 
l

 
 la jara, co
 (131)
  la junta, co
 (625)
  la salle, co
 (144)
  la veta, co
 (102)
  lafayette, co
 (1196)
  lajunta lamar, co
 (3)
  lake city, co
 (152)
  lake george, co
 (62)
  lakewood, co
 (5895)
  lamar, co
 (684)
  laporte, co
 (85)
  
 
 larkspur, co
 (112)
  las animas, co
 (157)
  lazear, co
 (2)
  leadville, co
 (315)
  left hand, co
 (1)
  lewis, co
 (8)
  limon, co
 (215)
  lindon, co
 (8)
  littleton, co
 (6067)
  livermore, co
 (34)
  lochbuie, co
 (8)
  
 
 log lane village, co
 (5)
  loma, co
 (46)
  lone tree, co
 (1085)
  longmont, co
 (4111)
  louieville, co
 (1)
  louisville, co
 (1083)
  louviers, co
 (30)
  loveland, co
 (3666)
  lucerne, co
 (14)
  lyons, co
 (139)
  

 
m

 
 mack, co
 (14)
  madison, co
 (1)
  manassa, co
 (27)
  mancos, co
 (125)
  manitou springs, co
 (277)
  manzanola, co
 (38)
  marvel, co
 (8)
  masonville, co
 (1)
  matheson, co
 (5)
  maybell, co
 (18)
  
 
 mc clave, co
 (23)
  mc coy, co
 (20)
  mead, co
 (78)
  meeker, co
 (268)
  meredith, co
 (6)
  merino, co
 (11)
  mesa, co
 (25)
  mesa verde national park, co
 (13)
  milliken, co
 (60)
  minturn, co
 (94)
  
 
 model, co
 (3)
  moffat, co
 (22)
  molina, co
 (9)
  monarch, co
 (1)
  monte vista, co
 (381)
  montrose, co
 (1620)
  monument, co
 (612)
  morrison, co
 (294)
  mosca, co
 (39)
  mountain village, co
 (2)
  

 
n

 
 nathrop, co
 (28)
  naturita, co
 (45)
  nederland, co
 (123)
  new castle, co
 (187)
  
 
 new haven, co
 (3)
  new raymer, co
 (22)
  niwot, co
 (177)
  northglenn, co
 (921)
  
 
 norwood, co
 (126)
  nucla, co
 (92)
  nunn, co
 (39)
  

 
o

 
 oak creek, co
 (69)
  ohio city, co
 (2)
  olathe, co
 (99)
  olney springs, co
 (12)
  
 
 ophir, co
 (3)
  orchard, co
 (10)
  ordway, co
 (79)
  
 
 otis, co
 (40)
  ouray, co
 (139)
  ovid, co
 (12)
  

 
p

 
 padroni, co
 (3)
  pagosa springs, co
 (1057)
  palisade, co
 (132)
  palmer lake, co
 (96)
  paoli, co
 (2)
  paonia, co
 (103)
  parachute, co
 (156)
  paradox, co
 (16)
  parker, co
 (2283)
  parlin, co
 (5)
  
 
 parshall, co
 (14)
  peetz, co
 (20)
  penrose, co
 (125)
  pequabuck, co
 (1)
  peterson afb, co
 (2)
  peyton, co
 (332)
  phippsburg, co
 (8)
  pierce, co
 (27)
  pine, co
 (131)
  pinecliffe, co
 (15)
  
 
 pitkin, co
 (2)
  placerville, co
 (20)
  plateau valley, co
 (1)
  platteville, co
 (115)
  pleasant view, co
 (21)
  poncha springs, co
 (20)
  powderhorn, co
 (4)
  pritchett, co
 (10)
  pueblo, co
 (5540)
  pueblo west, co
 (42)
  

 
r

 
 radium, co
 (1)
  ramah, co
 (11)
  rand, co
 (4)
  rangely, co
 (242)
  red cliff, co
 (11)
  red feather lakes, co
 (51)
  red feather lakes walden, co
 (11)
  
 
 redvale, co
 (22)
  rico, co
 (37)
  ridgefield, co
 (1)
  ridgway, co
 (192)
  rifle, co
 (705)
  rockvale, co
 (3)
  rockville, co
 (1)
  
 
 rocky ford, co
 (240)
  roggen, co
 (34)
  rollinsville, co
 (35)
  romeo, co
 (6)
  rush, co
 (17)
  rye, co
 (84)
  

 
s

 
 saguache, co
 (65)
  salida, co
 (704)
  san luis, co
 (73)
  san luis valley, co
 (9)
  sanford, co
 (32)
  sargents, co
 (3)
  schriever afb, co
 (1)
  sedalia, co
 (154)
  sedgwick, co
 (14)
  seibert, co
 (23)
  severance, co
 (29)
  seymour, co
 (1)
  shawnee, co
 (8)
  sheridan, co
 (10)
  
 
 sheridan lake, co
 (26)
  silt, co
 (180)
  silver cliff, co
 (1)
  silver plume, co
 (7)
  silverthorne, co
 (439)
  silverton, co
 (107)
  simla, co
 (55)
  simsbury, co
 (1)
  slater, co
 (10)
  snowmass, co
 (60)
  snowmass village, co
 (219)
  snyder, co
 (8)
  somerset, co
 (13)
  south big springs, co
 (1)
  
 
 south cheyenne, co
 (1)
  south fork, co
 (112)
  south laramie, co
 (1)
  south windsor, co
 (1)
  springfield, co
 (199)
  steamboat springs, co
 (1639)
  sterling, co
 (839)
  stoneham, co
 (5)
  strasburg, co
 (74)
  stratton, co
 (79)
  sugar city, co
 (10)
  summit county, co
 (3)
  superior, co
 (190)
  swink, co
 (12)
  

 
t

 
 tabernash, co
 (48)
  telluride, co
 (627)
  thornton, co
 (1822)
  timnath, co
 (38)
  
 
 toponas, co
 (9)
  towaoc, co
 (20)
  towner, co
 (5)
  trinchera, co
 (2)
  
 
 trinidad, co
 (626)
  twin lakes, co
 (10)
  two buttes, co
 (12)
  

 
u

 

 usaf academy, co
 (62)
  
 
 
 

 
v

 
 vail, co
 (921)
  vernon, co
 (1)
  
 
 victor, co
 (22)
  vilas, co
 (23)
  
 
 villa grove, co
 (11)
  vona, co
 (12)
  

 
w

 
 walden, co
 (135)
  wallingford, co
 (1)
  walsenburg, co
 (236)
  walsh, co
 (85)
  ward, co
 (16)
  watkins, co
 (67)
  weldona, co
 (17)
  wellington, co
 (164)
  
 
 westcliffe, co
 (268)
  westminster, co
 (2072)
  weston, co
 (33)
  wetmore, co
 (14)
  wheat ridge, co
 (2095)
  whitewater, co
 (34)
  wiggins, co
 (151)
  wild horse, co
 (3)
  
 
 wiley, co
 (40)
  windsor, co
 (829)
  winter park, co
 (224)
  wolcott, co
 (29)
  woodland park, co
 (544)
  woodrow, co
 (9)
  woody creek, co
 (28)
  wray, co
 (296)
  

 
y

 
 yampa, co
 (28)
  yellow jacket, co
 (10)
  
 
 yoder, co
 (16)
  
 
 yuma, co
 (315)
  

 














download wowfie



a social photo editor app & selfie camera!
 
your photo in a million designs!













news & stories








 




 popular cities in colorado

  arvada, co  (3888)   aurora, co  (9758)   boulder, co  (7995)   broomfield, co  (3037)   centennial, co  (3461)   colorado springs, co  (19652)   denver, co  (38414)   durango, co  (2487)   englewood, co  (5686)   fort collins, co  (7424)   golden, co  (2489)   grand junction, co  (5067)   greeley, co  (3956)   greenwood village, co  (2611)   lakewood, co  (5895)   littleton, co  (6067)   longmont, co  (4111)   loveland, co  (3666)   parker, co  (2283)   pueblo, co  (5540)  








shareblast funny jokes, images, videos,
 gifs for whatsapp & facebook







back to top










  about us  |
 contact us  |
 privacy policy  |

terms of use


  colorado site map  



copyright © 2018 allpages.com all rights reserved.




































