











west virginia yellow pages | wv yellow pages | allpages.com



 

































west virginia yellow pages
 west virginia yellow pages




 



  
a

 
 accoville, wv
 (6)
  adrian, wv
 (2)
  albright, wv
 (29)
  alderson, wv
 (93)
  alkol, wv
 (6)
  allen junction, wv
 (3)
  alloy, wv
 (17)
  alma, wv
 (12)
  alpoca, wv
 (1)
  alum bridge, wv
 (6)
  alum creek, wv
 (69)
  amherstdale, wv
 (10)
  
 
 amigo, wv
 (3)
  amma, wv
 (8)
  anawalt, wv
 (15)
  anmoore, wv
 (29)
  annapolis, wv
 (1)
  ansted, wv
 (45)
  apple grove, wv
 (14)
  arbovale, wv
 (28)
  arnett, wv
 (7)
  arnoldsburg, wv
 (32)
  arthur, wv
 (1)
  
 
 arthurdale, wv
 (15)
  artie, wv
 (4)
  asbury, wv
 (5)
  ashford, wv
 (10)
  ashton, wv
 (9)
  athens, wv
 (98)
  auburn, wv
 (8)
  augusta, wv
 (92)
  aurora, wv
 (15)
  auto, wv
 (3)
  avondale, wv
 (5)
  

 
b

 
 baisden, wv
 (4)
  baker, wv
 (84)
  bakerton, wv
 (3)
  ballard, wv
 (7)
  bancroft, wv
 (7)
  barboursville, wv
 (705)
  barrackville, wv
 (10)
  bartley, wv
 (3)
  bartow, wv
 (12)
  baxter, wv
 (4)
  bayard, wv
 (11)
  beaver, wv
 (179)
  beckley, wv
 (1942)
  beech bottom, wv
 (20)
  beeson, wv
 (1)
  belington, wv
 (140)
  belle, wv
 (128)
  belleville, wv
 (12)
  belmont, wv
 (32)
  belva, wv
 (4)
  bens run, wv
 (4)
  benwood, wv
 (58)
  
 
 berkeley springs, wv
 (369)
  berwind, wv
 (10)
  bethany, wv
 (33)
  bethlehem, wv
 (3)
  beverly, wv
 (52)
  bickmore, wv
 (4)
  big bend, wv
 (9)
  big creek, wv
 (4)
  big sandy, wv
 (1)
  bim, wv
 (1)
  birch river, wv
 (19)
  blacksville, wv
 (32)
  bloomery, wv
 (23)
  bloomingrose, wv
 (1)
  bluefield, wv
 (980)
  bluewell, wv
 (5)
  bob white, wv
 (6)
  bolt, wv
 (9)
  bomont, wv
 (3)
  boomer, wv
 (10)
  booth, wv
 (2)
  boulevard granville, wv
 (1)
  
 
 bowden, wv
 (13)
  bradley, wv
 (14)
  bradshaw, wv
 (37)
  bramwell, wv
 (15)
  branchland, wv
 (64)
  brandywine, wv
 (26)
  breeden, wv
 (3)
  brenton, wv
 (16)
  bridgeport, wv
 (1002)
  bristol, wv
 (1)
  brohard, wv
 (2)
  bruceton mills, wv
 (145)
  bruno, wv
 (2)
  buckeye, wv
 (18)
  buckhannon, wv
 (910)
  bud, wv
 (3)
  buffalo, wv
 (47)
  bunker hill, wv
 (88)
  burlington, wv
 (27)
  burnsville, wv
 (37)
  burnwell, wv
 (1)
  burton, wv
 (9)
  

 
c

 
 cabin creek, wv
 (33)
  cabins, wv
 (6)
  cairo, wv
 (30)
  caldwell, wv
 (37)
  calvin, wv
 (10)
  camden, wv
 (4)
  camden on gauley, wv
 (6)
  cameron, wv
 (86)
  camp creek, wv
 (3)
  canaan valley, wv
 (2)
  cannelton, wv
 (4)
  canvas, wv
 (6)
  capon bridge, wv
 (79)
  capon springs, wv
 (6)
  caretta, wv
 (6)
  carolina, wv
 (4)
  cass, wv
 (8)
  cedar grove, wv
 (23)
  cedarville, wv
 (5)
  center point, wv
 (1)
  centralia, wv
 (1)
  ceredo, wv
 (69)
  chapmanville, wv
 (229)
  charles town, wv
 (675)
  
 
 charleston, wv
 (6716)
  charlton heights, wv
 (5)
  charmco, wv
 (14)
  chattaroy, wv
 (8)
  chauncey, wv
 (2)
  chesapeake, wv
 (9)
  chester, wv
 (192)
  chloe, wv
 (7)
  circleville, wv
 (27)
  clarksburg, wv
 (1516)
  clay, wv
 (111)
  clear creek, wv
 (3)
  clear fork, wv
 (5)
  clendenin, wv
 (119)
  cleveland, wv
 (1)
  clintonville, wv
 (1)
  clothier, wv
 (4)
  coal city, wv
 (20)
  coal mountain, wv
 (3)
  coalton, wv
 (5)
  colcord, wv
 (3)
  colerain, wv
 (1)
  colfax, wv
 (1)
  
 
 colliers, wv
 (34)
  comfort, wv
 (21)
  cool ridge, wv
 (15)
  coopers rock, wv
 (2)
  cora, wv
 (3)
  core, wv
 (16)
  corinne, wv
 (1)
  costa, wv
 (4)
  cottageville, wv
 (22)
  covel, wv
 (1)
  cowen, wv
 (64)
  coxs mills, wv
 (2)
  crab orchard, wv
 (77)
  craigsville, wv
 (88)
  craneco, wv
 (1)
  crawley, wv
 (21)
  creston, wv
 (3)
  cross lanes, wv
 (26)
  crum, wv
 (11)
  crystal, wv
 (1)
  cucumber, wv
 (3)
  culloden, wv
 (59)
  cyclone, wv
 (15)
  

 
d

 
 dailey, wv
 (20)
  dallas, wv
 (8)
  danese, wv
 (21)
  daniels, wv
 (84)
  danville, wv
 (141)
  davin, wv
 (12)
  davis, wv
 (135)
  davisville, wv
 (28)
  davy, wv
 (14)
  dawes, wv
 (8)
  
 
 deep water, wv
 (1)
  delbarton, wv
 (85)
  dellslow, wv
 (9)
  delray, wv
 (3)
  diana, wv
 (8)
  dille, wv
 (1)
  dingess, wv
 (13)
  dixie, wv
 (7)
  dorothy, wv
 (4)
  dothan, wv
 (1)
  
 
 drennen, wv
 (8)
  dry creek, wv
 (2)
  drybranch, wv
 (2)
  dryfork, wv
 (8)
  duck, wv
 (15)
  dunbar, wv
 (321)
  dunlow, wv
 (14)
  dunmore, wv
 (11)
  durbin, wv
 (21)
  

 
e

 
 east bank, wv
 (28)
  east lynn, wv
 (19)
  east wenatchee, wv
 (1)
  eccles, wv
 (3)
  eckman, wv
 (3)
  edgarton, wv
 (2)
  edmond, wv
 (1)
  eglon, wv
 (16)
  
 
 elbert, wv
 (1)
  eleanor, wv
 (60)
  elizabeth, wv
 (78)
  elk garden, wv
 (12)
  elkhorn, wv
 (1)
  elkins, wv
 (906)
  elkview, wv
 (215)
  ellamore, wv
 (5)
  
 
 ellenboro, wv
 (75)
  endwell, wv
 (1)
  enterprise, wv
 (11)
  erbacon, wv
 (9)
  eskdale, wv
 (12)
  ethel, wv
 (5)
  evans, wv
 (11)
  exchange, wv
 (3)
  

 
f

 
 fairdale, wv
 (12)
  fairlea, wv
 (30)
  fairmont, wv
 (1754)
  fairview, wv
 (61)
  falling waters, wv
 (116)
  falls view, wv
 (1)
  fanrock, wv
 (1)
  farmington, wv
 (66)
  fayetteville, wv
 (267)
  fenwick, wv
 (10)
  fisher, wv
 (10)
  
 
 five forks, wv
 (1)
  flat top, wv
 (6)
  flatwoods, wv
 (18)
  flemington, wv
 (37)
  follansbee, wv
 (208)
  folsom, wv
 (2)
  forest hill, wv
 (9)
  fort ashby, wv
 (65)
  fort gay, wv
 (62)
  fort seybert, wv
 (1)
  fort spring, wv
 (1)
  
 
 foster, wv
 (13)
  frametown, wv
 (14)
  frankford, wv
 (40)
  franklin, wv
 (155)
  fraziers bottom, wv
 (20)
  fraziers btm, wv
 (1)
  frederick, wv
 (2)
  freeman, wv
 (1)
  french creek, wv
 (28)
  friendly, wv
 (13)
  

 
g

 
 gallagher, wv
 (1)
  gallipolis ferry, wv
 (26)
  gandeeville, wv
 (9)
  gap mills, wv
 (25)
  gary, wv
 (22)
  gassaway, wv
 (138)
  gauley bridge, wv
 (48)
  gay, wv
 (2)
  genoa, wv
 (6)
  gerrardstown, wv
 (33)
  ghent, wv
 (30)
  gilbert, wv
 (148)
  gilboa, wv
 (1)
  giles, wv
 (1)
  given, wv
 (3)
  
 
 glasgow, wv
 (18)
  glen, wv
 (2)
  glen dale, wv
 (94)
  glen daniel, wv
 (39)
  glen easton, wv
 (5)
  glen ferris, wv
 (5)
  glen fork, wv
 (14)
  glen jean, wv
 (24)
  glen morgan, wv
 (45)
  glen rogers, wv
 (3)
  glen white, wv
 (3)
  glengary, wv
 (5)
  glenville, wv
 (173)
  glenwood, wv
 (4)
  gordon, wv
 (8)
  
 
 gore, wv
 (3)
  gormania, wv
 (6)
  grafton, wv
 (320)
  grant town, wv
 (7)
  grantsville, wv
 (118)
  granville, wv
 (17)
  great cacapon, wv
 (10)
  green bank, wv
 (21)
  green spring, wv
 (6)
  green sulphur springs, wv
 (1)
  green valley, wv
 (1)
  greenville, wv
 (9)
  greer, wv
 (1)
  griffithsville, wv
 (16)
  gypsy, wv
 (4)
  

 
h

 
 hacker valley, wv
 (13)
  halltown, wv
 (8)
  hambleton, wv
 (4)
  hamlin, wv
 (155)
  hancock, wv
 (1)
  handley, wv
 (7)
  hanover, wv
 (25)
  hansford, wv
 (6)
  harman, wv
 (28)
  harper, wv
 (3)
  harpers ferry, wv
 (155)
  harrisville, wv
 (185)
  hartford, wv
 (7)
  harts, wv
 (44)
  hartwell, wv
 (1)
  
 
 hastings, wv
 (1)
  heaters, wv
 (8)
  hedgesville, wv
 (202)
  helen, wv
 (1)
  helvetia, wv
 (6)
  henderson, wv
 (21)
  hendricks, wv
 (5)
  henlawson, wv
 (11)
  hepzibah, wv
 (7)
  herndon, wv
 (6)
  hernshaw, wv
 (9)
  hewett, wv
 (1)
  hico, wv
 (30)
  high view, wv
 (6)
  
 
 hillsboro, wv
 (41)
  hilltop, wv
 (6)
  hines, wv
 (1)
  hinton, wv
 (244)
  holden, wv
 (36)
  hometown, wv
 (6)
  horner, wv
 (15)
  hubbal, wv
 (1)
  hugheston, wv
 (4)
  hundred, wv
 (51)
  huntington, wv
 (3033)
  huntington mall, wv
 (1)
  hurricane, wv
 (777)
  huttonsville, wv
 (14)
  

 
i

 
 iaeger, wv
 (67)
  idamay, wv
 (2)
  idore, wv
 (1)
  ikes fork, wv
 (5)
  
 
 independence, wv
 (9)
  indore, wv
 (3)
  institute, wv
 (53)
  
 
 inwood, wv
 (266)
  ireland, wv
 (2)
  ivydale, wv
 (18)
  

 
j

 
 jacksonburg, wv
 (5)
  jane lew, wv
 (126)
  jefferson, wv
 (1)
  jeffrey, wv
 (8)
  
 
 jesse, wv
 (11)
  jodie, wv
 (2)
  jolo, wv
 (5)
  josephine, wv
 (1)
  
 
 julian, wv
 (17)
  jumping branch, wv
 (8)
  junior, wv
 (13)
  justice, wv
 (17)
  

 
k

 
 kanawha head, wv
 (4)
  kearneysville, wv
 (148)
  kegley, wv
 (1)
  kellysville, wv
 (2)
  kenna, wv
 (34)
  kenova, wv
 (181)
  kerens, wv
 (2)
  
 
 kermit, wv
 (69)
  keslers cross lanes, wv
 (2)
  keyser, wv
 (466)
  kiahsville, wv
 (4)
  kimball, wv
 (23)
  kimberly, wv
 (8)
  
 
 kincaid, wv
 (2)
  kingmont, wv
 (3)
  kingwood, wv
 (316)
  kistler, wv
 (10)
  kopperston, wv
 (4)
  kyle, wv
 (1)
  

 
l

 
 lahmansville, wv
 (2)
  lake, wv
 (7)
  lancing, wv
 (1)
  landgraff, wv
 (1)
  lansing, wv
 (15)
  lashmeet, wv
 (4)
  laurel point, wv
 (1)
  lavalette, wv
 (81)
  layland, wv
 (2)
  le roy, wv
 (2)
  left hand, wv
 (5)
  leivasy, wv
 (8)
  lenore, wv
 (26)
  leon, wv
 (11)
  lerona, wv
 (6)
  
 
 lesage, wv
 (28)
  leslie, wv
 (1)
  lester, wv
 (16)
  letart, wv
 (15)
  levels, wv
 (7)
  lewisburg, wv
 (714)
  liberty, wv
 (4)
  limestone, wv
 (1)
  lindside, wv
 (27)
  linn, wv
 (5)
  little birch, wv
 (5)
  little falls, wv
 (1)
  littleton, wv
 (9)
  lizemores, wv
 (8)
  
 
 lochgelly, wv
 (9)
  logan, wv
 (586)
  london, wv
 (6)
  lookout, wv
 (10)
  looneyville, wv
 (1)
  lorado, wv
 (8)
  lorentz, wv
 (3)
  lost city, wv
 (38)
  lost creek, wv
 (52)
  lost river, wv
 (9)
  lowell, wv
 (1)
  lumberport, wv
 (40)
  lyburn, wv
 (10)
  lynco, wv
 (5)
  

 
m

 
 maben, wv
 (5)
  mabie, wv
 (1)
  mabscott, wv
 (18)
  mac arthur, wv
 (13)
  macarthur, wv
 (1)
  macfarlan, wv
 (5)
  madison, wv
 (192)
  maidsville, wv
 (46)
  malden, wv
 (2)
  mallory, wv
 (7)
  mammoth, wv
 (6)
  man, wv
 (100)
  mannington, wv
 (132)
  marlinton, wv
 (203)
  marlowe, wv
 (1)
  marmet, wv
 (5)
  marrowbone, wv
 (1)
  martin, wv
 (1)
  martins ferry, wv
 (1)
  martinsburg, wv
 (2030)
  mason, wv
 (75)
  masontown, wv
 (52)
  matewan, wv
 (49)
  matheny, wv
 (9)
  mathias, wv
 (75)
  
 
 matoaka, wv
 (16)
  maxwelton, wv
 (20)
  maybeury, wv
 (7)
  maysel, wv
 (8)
  maysville, wv
 (25)
  mc graws, wv
 (1)
  mcmechen, wv
 (59)
  meador, wv
 (1)
  meadow bluff, wv
 (1)
  meadow bridge, wv
 (27)
  meadow creek, wv
 (2)
  meadowbrook, wv
 (12)
  metz, wv
 (3)
  miami, wv
 (2)
  middle island, wv
 (1)
  middlebourne, wv
 (82)
  midkiff, wv
 (2)
  midway, wv
 (12)
  milam, wv
 (2)
  mill creek, wv
 (65)
  millersville, wv
 (1)
  millstone, wv
 (4)
  millville, wv
 (3)
  millwood, wv
 (29)
  milton, wv
 (219)
  
 
 minden, wv
 (8)
  mineral wells, wv
 (143)
  moatsville, wv
 (9)
  mohawk, wv
 (1)
  monongah, wv
 (3)
  montana mines, wv
 (3)
  montcalm, wv
 (4)
  monterville, wv
 (2)
  montgomery, wv
 (164)
  montrose, wv
 (9)
  moorefield, wv
 (375)
  morgantown, wv
 (3980)
  moundsville, wv
 (526)
  mount alto, wv
 (2)
  mount carbon, wv
 (11)
  mount clare, wv
 (47)
  mount gay, wv
 (24)
  mount hope, wv
 (203)
  mount lookout, wv
 (20)
  mount morris, wv
 (1)
  mount nebo, wv
 (28)
  mount olive, wv
 (2)
  mount storm, wv
 (28)
  mount zion, wv
 (17)
  mullens, wv
 (83)
  

 
n

 
 nallen, wv
 (2)
  naoma, wv
 (11)
  napier, wv
 (3)
  naugatuck, wv
 (10)
  nebo, wv
 (3)
  nellis, wv
 (1)
  nemours, wv
 (1)
  nettie, wv
 (21)
  new creek, wv
 (11)
  new cumberland, wv
 (128)
  
 
 new haven, wv
 (38)
  new manchester, wv
 (10)
  new martinsville, wv
 (483)
  new milton, wv
 (7)
  new richmond, wv
 (5)
  newburg, wv
 (17)
  newell, wv
 (58)
  newhall, wv
 (5)
  newton, wv
 (17)
  
 
 newtown, wv
 (2)
  nimitz, wv
 (11)
  nitro, wv
 (386)
  norfolk, wv
 (2)
  normantown, wv
 (9)
  north matewan, wv
 (7)
  northfork, wv
 (64)
  norton, wv
 (3)
  nutter fort, wv
 (17)
  

 
o

 
 oak hill, wv
 (457)
  oceana, wv
 (142)
  odd, wv
 (1)
  ohley, wv
 (2)
  old fields, wv
 (8)
  
 
 omar, wv
 (14)
  ona, wv
 (59)
  onego, wv
 (9)
  orgas, wv
 (4)
  
 
 orlando, wv
 (4)
  orma, wv
 (3)
  osage, wv
 (7)
  ovapa, wv
 (1)
  

 
p

 
 paden city, wv
 (64)
  page, wv
 (2)
  palestine, wv
 (2)
  panther, wv
 (8)
  parkersburg, wv
 (2666)
  parsons, wv
 (154)
  paw paw, wv
 (39)
  pax, wv
 (10)
  peach creek, wv
 (5)
  pecks mill, wv
 (21)
  pence springs, wv
 (3)
  pennsboro, wv
 (103)
  pentress, wv
 (1)
  petersburg, wv
 (332)
  peterstown, wv
 (83)
  petroleum, wv
 (5)
  
 
 peytona, wv
 (12)
  philippi, wv
 (273)
  pickaway, wv
 (2)
  pickens, wv
 (2)
  piedmont, wv
 (30)
  pinch, wv
 (6)
  pine grove, wv
 (44)
  pineville, wv
 (184)
  piney view, wv
 (4)
  pipestem, wv
 (15)
  pleasant valley, wv
 (2)
  poca, wv
 (93)
  point pleasant, wv
 (389)
  points, wv
 (2)
  pond gap, wv
 (3)
  pool, wv
 (1)
  
 
 porters falls, wv
 (1)
  powellton, wv
 (4)
  pratt, wv
 (11)
  premier, wv
 (4)
  preston, wv
 (1)
  prichard, wv
 (26)
  prince, wv
 (5)
  princeton, wv
 (1148)
  princewick, wv
 (1)
  procious, wv
 (6)
  proctor, wv
 (31)
  proctorville, wv
 (1)
  prosperity, wv
 (30)
  pullman, wv
 (3)
  purgitsville, wv
 (4)
  pursglove, wv
 (3)
  

 
q

 
 quincy, wv
 (1)
  
 
 quinwood, wv
 (10)
  
 
 

 
r

 
 rachel, wv
 (5)
  racine, wv
 (18)
  ragland, wv
 (5)
  rainelle, wv
 (131)
  raleigh, wv
 (2)
  ranger, wv
 (12)
  ranson, wv
 (227)
  ravencliff, wv
 (4)
  ravenswood, wv
 (221)
  rawl, wv
 (3)
  raymond city, wv
 (1)
  raysal, wv
 (2)
  reader, wv
 (12)
  red creek, wv
 (1)
  red house, wv
 (17)
  red jacket, wv
 (4)
  
 
 reedsville, wv
 (77)
  reedy, wv
 (12)
  renick, wv
 (17)
  reynoldsville, wv
 (5)
  rhodell, wv
 (11)
  richlands, wv
 (1)
  richwood, wv
 (88)
  ridgeley, wv
 (114)
  ridgeview, wv
 (1)
  ridgeway, wv
 (3)
  rilpey, wv
 (1)
  rio, wv
 (16)
  ripley, wv
 (527)
  rippon, wv
 (3)
  riverside, wv
 (1)
  riverton, wv
 (51)
  
 
 rivesville, wv
 (37)
  roanoke, wv
 (5)
  robson, wv
 (5)
  rock, wv
 (9)
  rock cave, wv
 (32)
  rock creek, wv
 (3)
  rock view, wv
 (7)
  rockport, wv
 (8)
  rockville, wv
 (1)
  roderfield, wv
 (8)
  romney, wv
 (384)
  ronceverte, wv
 (185)
  rosedale, wv
 (3)
  rowlesburg, wv
 (32)
  rupert, wv
 (59)
  

 
s

 
 saint albans, wv
 (649)
  saint clairsville, wv
 (2)
  saint marys, wv
 (212)
  salem, wv
 (122)
  salt rock, wv
 (27)
  sand fork, wv
 (17)
  sandstone, wv
 (8)
  sandyville, wv
 (20)
  sarah ann, wv
 (2)
  sardis, wv
 (1)
  saulsville, wv
 (9)
  saxon, wv
 (1)
  scarbro, wv
 (40)
  scott depot, wv
 (237)
  secondcreek, wv
 (1)
  selbyville, wv
 (3)
  seneca rocks, wv
 (34)
  servia, wv
 (1)
  seth, wv
 (24)
  shady spring, wv
 (65)
  shanks, wv
 (7)
  sharon, wv
 (1)
  sharples, wv
 (3)
  shenandoah junction, wv
 (20)
  shepherdstown, wv
 (236)
  
 
 sherrard, wv
 (2)
  shiloh, wv
 (1)
  shinnston, wv
 (213)
  short creek, wv
 (2)
  simon, wv
 (4)
  simpson, wv
 (5)
  sinks grove, wv
 (20)
  sissonville, wv
 (3)
  sistersville, wv
 (103)
  skelton, wv
 (3)
  slab fork, wv
 (3)
  slanesville, wv
 (11)
  slatyfork, wv
 (26)
  smithburg, wv
 (4)
  smithers, wv
 (37)
  smithfield, wv
 (6)
  smithville, wv
 (20)
  smoot, wv
 (6)
  snowshoe, wv
 (61)
  sod, wv
 (8)
  sophia, wv
 (84)
  south charleston, wv
 (171)
  south hills, wv
 (1)
  south lubeck, wv
 (1)
  southside, wv
 (6)
  
 
 spanishburg, wv
 (3)
  spelter, wv
 (3)
  spencer, wv
 (318)
  sprigg, wv
 (1)
  spring dale, wv
 (3)
  spring hill, wv
 (1)
  springfield, wv
 (25)
  spurlockville, wv
 (7)
  squire, wv
 (4)
  stanaford, wv
 (9)
  star city, wv
 (2)
  statts mills, wv
 (2)
  stephenson, wv
 (1)
  stollings, wv
 (21)
  stonecoal, wv
 (1)
  stonewood, wv
 (1)
  sugar grove, wv
 (10)
  sumerco, wv
 (8)
  summersville, wv
 (577)
  summit point, wv
 (23)
  surveyor, wv
 (13)
  sutton, wv
 (225)
  swiss, wv
 (3)
  switzer, wv
 (10)
  sylvester, wv
 (17)
  

 
t

 
 tad, wv
 (3)
  talcott, wv
 (8)
  tallmansville, wv
 (10)
  tazewell, wv
 (1)
  teays, wv
 (59)
  tennerton, wv
 (1)
  
 
 terra alta, wv
 (105)
  terry, wv
 (2)
  thomas, wv
 (50)
  thornton, wv
 (11)
  thurmond, wv
 (3)
  tioga, wv
 (1)
  
 
 tornado, wv
 (15)
  triadelphia, wv
 (202)
  troy, wv
 (2)
  tunnelton, wv
 (39)
  turtle creek, wv
 (5)
  twilight, wv
 (3)
  

 
u

 
 uneeda, wv
 (4)
  union, wv
 (135)
  
 
 upper tract, wv
 (19)
  
 
 upperglade, wv
 (6)
  

 
v

 
 valley bend, wv
 (11)
  valley fork, wv
 (2)
  valley grove, wv
 (33)
  valley head, wv
 (11)
  
 
 van, wv
 (13)
  varney, wv
 (10)
  verdunville, wv
 (21)
  verner, wv
 (3)
  
 
 victor, wv
 (10)
  vienna, wv
 (529)
  volga, wv
 (13)
  

 
w

 
 wadestown, wv
 (2)
  waiteville, wv
 (1)
  walker, wv
 (20)
  walkersville, wv
 (13)
  wallace, wv
 (11)
  wallback, wv
 (2)
  walton, wv
 (22)
  wana, wv
 (9)
  war, wv
 (131)
  wardensville, wv
 (43)
  warrendale, wv
 (1)
  warriormine, wv
 (7)
  washington, wv
 (65)
  waverly, wv
 (17)
  wayne, wv
 (155)
  wayside, wv
 (2)
  webster springs, wv
 (124)
  weirton, wv
 (969)
  
 
 welch, wv
 (253)
  wellsburg, wv
 (298)
  west columbia, wv
 (15)
  west hamlin, wv
 (47)
  west liberty, wv
 (13)
  west logan, wv
 (12)
  west milford, wv
 (23)
  west shanks, wv
 (1)
  west union, wv
 (119)
  weston, wv
 (459)
  westover, wv
 (10)
  wharncliffe, wv
 (8)
  wharton, wv
 (14)
  wheeling, wv
 (2326)
  white hall, wv
 (4)
  white oak, wv
 (6)
  white sulphur springs, wv
 (206)
  whitesville, wv
 (70)
  
 
 whitman, wv
 (15)
  whitmer, wv
 (3)
  wilcoe, wv
 (3)
  wiley ford, wv
 (17)
  wileyville, wv
 (1)
  wilkinson, wv
 (21)
  williamsburg, wv
 (14)
  williamson, wv
 (314)
  williamstown, wv
 (152)
  wilsonburg, wv
 (3)
  wilsondale, wv
 (1)
  windsor heights, wv
 (3)
  winfield, wv
 (157)
  winifrede, wv
 (6)
  winona, wv
 (1)
  wolfcreek, wv
 (2)
  worthington, wv
 (32)
  wyoming, wv
 (2)
  

 
y

 
 yawkey, wv
 (16)
  
 
 yellow spring, wv
 (12)
  
 
 yolyn, wv
 (2)
  

 














download wowfie



a social photo editor app & selfie camera!
 
your photo in a million designs!













news & stories








 




 popular cities in west virginia

  barboursville, wv  (705)   beckley, wv  (1942)   bluefield, wv  (980)   bridgeport, wv  (1002)   buckhannon, wv  (910)   charles town, wv  (675)   charleston, wv  (6716)   clarksburg, wv  (1516)   elkins, wv  (906)   fairmont, wv  (1754)   huntington, wv  (3033)   hurricane, wv  (777)   lewisburg, wv  (714)   martinsburg, wv  (2030)   morgantown, wv  (3980)   parkersburg, wv  (2666)   princeton, wv  (1148)   saint albans, wv  (649)   weirton, wv  (969)   wheeling, wv  (2326)  








shareblast funny jokes, images, videos,
 gifs for whatsapp & facebook







back to top










  about us  |
 contact us  |
 privacy policy  |

terms of use


  west virginia site map  



copyright © 2018 allpages.com all rights reserved.




































