











california yellow pages | ca yellow pages | allpages.com



 

































california yellow pages
 california yellow pages




 



  
a

 
 acampo, ca
 (155)
  acton, ca
 (206)
  adelanto, ca
 (378)
  adin, ca
 (25)
  aglsoks, ca
 (1)
  agoura, ca
 (11)
  agoura hills, ca
 (1528)
  agua dulce, ca
 (2)
  aguanga, ca
 (35)
  ahwahnee, ca
 (65)
  alameda, ca
 (2361)
  alamo, ca
 (482)
  albany, ca
 (712)
  albion, ca
 (37)
  alderpoint, ca
 (6)
  alhambra, ca
 (2623)
  aliso viejo, ca
 (866)
  alleghany, ca
 (9)
  alpaugh, ca
 (4)
  alpine, ca
 (472)
  alpine meadows, ca
 (45)
  alta, ca
 (27)
  alta loma, ca
 (39)
  
 
 altadena, ca
 (604)
  altaville, ca
 (10)
  alturas, ca
 (365)
  alviso, ca
 (58)
  amador city, ca
 (83)
  amboy, ca
 (7)
  american canyon, ca
 (452)
  american falls, ca
 (2)
  anaheim, ca
 (10661)
  anderson, ca
 (764)
  angels camp, ca
 (403)
  angelus oaks, ca
 (42)
  angwin, ca
 (141)
  annapolis, ca
 (12)
  antelope, ca
 (293)
  antioch, ca
 (2474)
  anytown, ca
 (1)
  anza, ca
 (107)
  apple valley, ca
 (1645)
  applegate, ca
 (23)
  aptos, ca
 (1096)
  arbuckle, ca
 (141)
  
 
 arcadia, ca
 (2638)
  arcata, ca
 (963)
  arleta, ca
 (371)
  armona, ca
 (52)
  arnold, ca
 (253)
  aromas, ca
 (71)
  arrowhead, ca
 (1)
  arroyo grande, ca
 (1185)
  artesia, ca
 (987)
  artois, ca
 (15)
  arvin, ca
 (251)
  atascadero, ca
 (1308)
  atherton, ca
 (162)
  atwater, ca
 (753)
  atwood, ca
 (57)
  auberry, ca
 (140)
  auburn, ca
 (2654)
  avalon, ca
 (371)
  avenal, ca
 (122)
  avery, ca
 (15)
  avila beach, ca
 (69)
  azusa, ca
 (1355)
  

 
b

 
 badger, ca
 (9)
  baker, ca
 (61)
  bakersfield, ca
 (13977)
  balboa island, ca
 (1)
  baldwin park, ca
 (1923)
  baldy mesa, ca
 (1)
  ballico, ca
 (25)
  bangor, ca
 (9)
  banning, ca
 (723)
  bard, ca
 (5)
  barstow, ca
 (914)
  bass lake, ca
 (76)
  bay, ca
 (1)
  bay point, ca
 (194)
  bayliss, ca
 (1)
  bayside, ca
 (28)
  beale afb, ca
 (29)
  bear valley, ca
 (5)
  beaumont, ca
 (751)
  beaverton, ca
 (1)
  beckwourth, ca
 (18)
  bedford hills, ca
 (1)
  bel air, ca
 (3)
  bel tiburon, ca
 (6)
  belden, ca
 (4)
  bell, ca
 (43)
  bell canyon, ca
 (29)
  bell gardens, ca
 (1258)
  bella vista, ca
 (34)
  bellflower, ca
 (1985)
  belmont, ca
 (1002)
  belvedere, ca
 (2)
  belvedere tiburon, ca
 (530)
  ben lomond, ca
 (201)
  benicia, ca
 (1345)
  benton, ca
 (12)
  berenda, ca
 (2)
  
 
 berkeley, ca
 (5568)
  bermuda dunes, ca
 (208)
  berry creek, ca
 (23)
  bethel island, ca
 (107)
  bethesda, ca
 (1)
  beverly hills, ca
 (7649)
  bieber, ca
 (42)
  big bar, ca
 (6)
  big bear city, ca
 (295)
  big bear lake, ca
 (771)
  big bend, ca
 (6)
  big creek, ca
 (24)
  big oak flat, ca
 (17)
  big pine, ca
 (29)
  big river, ca
 (4)
  big sur, ca
 (76)
  biggs, ca
 (58)
  biola, ca
 (13)
  birds landing, ca
 (40)
  bishop, ca
 (820)
  blackhawk, ca
 (1)
  blairsden, ca
 (2)
  blairsden graeagle, ca
 (129)
  blocksburg, ca
 (3)
  bloomington, ca
 (525)
  blue jay, ca
 (147)
  blue lake, ca
 (54)
  blythe, ca
 (540)
  bodega, ca
 (19)
  bodega bay, ca
 (101)
  bodfish, ca
 (23)
  bolinas, ca
 (68)
  bonita, ca
 (334)
  bonsall, ca
 (163)
  boonville, ca
 (64)
  boron, ca
 (86)
  
 
 borrego springs, ca
 (144)
  boulder creek, ca
 (222)
  boulevard, ca
 (41)
  bowman, ca
 (1)
  boyes hot springs, ca
 (12)
  bradbury, ca
 (13)
  bradley, ca
 (41)
  brandeis, ca
 (3)
  branscomb, ca
 (5)
  brawley, ca
 (672)
  brea, ca
 (2666)
  brentwood, ca
 (1844)
  brewster, ca
 (1)
  bridgeport, ca
 (134)
  bridgeville, ca
 (18)
  briones, ca
 (9)
  brisbane, ca
 (385)
  broadmoor, ca
 (8)
  broderick, ca
 (1)
  brookdale, ca
 (34)
  brooks, ca
 (13)
  browns valley, ca
 (34)
  brownsville, ca
 (44)
  bryn mawr, ca
 (25)
  buellton, ca
 (354)
  buena park, ca
 (2261)
  bullhead city, ca
 (1)
  burbank, ca
 (5992)
  burlingame, ca
 (2745)
  burney, ca
 (234)
  burnt ranch, ca
 (6)
  burrel, ca
 (9)
  burson, ca
 (4)
  butte city, ca
 (12)
  buttonwillow, ca
 (104)
  byron, ca
 (98)
  

 
c

 
 cabazon, ca
 (248)
  calabasas, ca
 (1284)
  calabasas hills, ca
 (2)
  calexico, ca
 (903)
  caliente, ca
 (24)
  california city, ca
 (174)
  california hot springs, ca
 (15)
  calimesa, ca
 (252)
  calipatria, ca
 (88)
  calistoga, ca
 (462)
  callahan, ca
 (3)
  calpella, ca
 (8)
  calpine, ca
 (5)
  camarillo, ca
 (3368)
  cambria, ca
 (410)
  cameron park, ca
 (611)
  camino, ca
 (100)
  camp meeker, ca
 (6)
  camp nelson, ca
 (2)
  camp pendleton, ca
 (43)
  campbell, ca
 (3089)
  campo, ca
 (70)
  camptonville, ca
 (18)
  canby, ca
 (11)
  canoga park, ca
 (3422)
  cantil, ca
 (10)
  cantua creek, ca
 (17)
  canyon, ca
 (37)
  canyon country, ca
 (649)
  canyon dam, ca
 (9)
  canyon lake, ca
 (208)
  capay, ca
 (10)
  capistrano beach, ca
 (272)
  capitola, ca
 (743)
  cardiff, ca
 (4)
  cardiff by the sea, ca
 (285)
  carlotta, ca
 (13)
  carlsbad, ca
 (4173)
  carmel, ca
 (1593)
  carmel by the sea, ca
 (6)
  carmel valley, ca
 (325)
  carmichael, ca
 (1461)
  carnelian bay, ca
 (72)
  carpinteria, ca
 (784)
  carson, ca
 (2298)
  caruthers, ca
 (102)
  casmalia, ca
 (5)
  caspar, ca
 (9)
  cassel, ca
 (5)
  castaic, ca
 (337)
  castella, ca
 (9)
  castro valley, ca
 (1346)
  
 
 castroville, ca
 (259)
  cathedral city, ca
 (1187)
  catheys valley, ca
 (35)
  cayucos, ca
 (140)
  cazadero, ca
 (55)
  cedar glen, ca
 (59)
  cedar ridge, ca
 (14)
  cedarpines park, ca
 (33)
  cedarville, ca
 (51)
  central valley, ca
 (1)
  century city, ca
 (5)
  ceres, ca
 (744)
  cerritos, ca
 (2207)
  cesar chavez brly, ca
 (1)
  chalfant valley, ca
 (1)
  challenge, ca
 (16)
  chatsworth, ca
 (2276)
  chelmsford, ca
 (1)
  cherry valley, ca
 (87)
  chesapeake, ca
 (1)
  chester, ca
 (207)
  chicago park, ca
 (7)
  chico, ca
 (5271)
  chilcoot, ca
 (10)
  chinese camp, ca
 (8)
  chino, ca
 (3625)
  chino hills, ca
 (1248)
  cholame, ca
 (1)
  chowchilla, ca
 (385)
  chualar, ca
 (26)
  chula vista, ca
 (4959)
  cima, ca
 (2)
  citrus heights, ca
 (2402)
  city of industry, ca
 (2712)
  claremont, ca
 (1497)
  clarksburg, ca
 (88)
  clayton, ca
 (311)
  clearlake, ca
 (366)
  clearlake oaks, ca
 (80)
  clearlake park, ca
 (5)
  clements, ca
 (39)
  clio, ca
 (16)
  clipper mills, ca
 (8)
  cloverdale, ca
 (324)
  clovis, ca
 (3071)
  cnpcp, ca
 (1)
  coachella, ca
 (500)
  coalinga, ca
 (341)
  coarsegold, ca
 (348)
  cobb, ca
 (36)
  codora, ca
 (1)
  coffee creek, ca
 (2)
  
 
 coleville, ca
 (48)
  colfax, ca
 (221)
  college city, ca
 (1)
  colma, ca
 (185)
  coloma, ca
 (41)
  colton, ca
 (1216)
  columbia, ca
 (68)
  colusa, ca
 (456)
  commerce, ca
 (1847)
  comptche, ca
 (16)
  compton, ca
 (2811)
  concord, ca
 (4954)
  cool, ca
 (75)
  copperopolis, ca
 (209)
  corcoran, ca
 (310)
  cordelia, ca
 (2)
  cornell, ca
 (2)
  corning, ca
 (436)
  corona, ca
 (5293)
  corona del mar, ca
 (506)
  coronado, ca
 (750)
  corral de tierra, ca
 (1)
  corralitos, ca
 (1)
  corte madera, ca
 (754)
  costa mesa, ca
 (6140)
  cotati, ca
 (446)
  coto de caza, ca
 (1)
  cottonwood, ca
 (266)
  coulterville, ca
 (51)
  courtland, ca
 (59)
  covelo, ca
 (73)
  covina, ca
 (3036)
  coyote, ca
 (28)
  crescent city, ca
 (819)
  crescent mills, ca
 (15)
  cressey, ca
 (3)
  crest park, ca
 (28)
  crestline, ca
 (289)
  creston, ca
 (33)
  crmc, ca
 (1)
  crockett, ca
 (136)
  cromberg, ca
 (1)
  crowley lake, ca
 (5)
  crows landing, ca
 (46)
  cudahy, ca
 (399)
  culver city, ca
 (3274)
  cupertino, ca
 (1693)
  cutler, ca
 (61)
  cutten, ca
 (6)
  cuyama, ca
 (3)
  cypress, ca
 (1573)
  

 
d

 
 daggett, ca
 (15)
  daly, ca
 (1)
  daly city, ca
 (2009)
  dana point, ca
 (863)
  danville, ca
 (1971)
  dardanelle, ca
 (3)
  davenport, ca
 (34)
  davis, ca
 (1982)
  davis creek, ca
 (3)
  death valley, ca
 (21)
  deer park, ca
 (21)
  del mar, ca
 (930)
  del rey, ca
 (43)
  del rey oaks, ca
 (6)
  del sur, ca
 (3)
  delano, ca
 (854)
  delaware, ca
 (1)
  delhi, ca
 (110)
  
 
 denair, ca
 (116)
  denny, ca
 (1)
  descanso, ca
 (53)
  desert center, ca
 (20)
  desert hot springs, ca
 (543)
  devore heights, ca
 (1)
  diablo, ca
 (49)
  diamond bar, ca
 (1434)
  diamond springs, ca
 (286)
  dillon beach, ca
 (9)
  dinuba, ca
 (600)
  discovery bay, ca
 (178)
  dixon, ca
 (615)
  dobbins, ca
 (13)
  dorris, ca
 (62)
  dos palos, ca
 (196)
  dos rios, ca
 (1)
  
 
 douglas city, ca
 (17)
  douglas flat, ca
 (9)
  downey, ca
 (3700)
  downieville, ca
 (40)
  doyle, ca
 (23)
  drytown, ca
 (20)
  duarte, ca
 (637)
  dublin, ca
 (1828)
  ducor, ca
 (37)
  dulzura, ca
 (30)
  duncans mills, ca
 (23)
  dunlap, ca
 (18)
  dunnigan, ca
 (27)
  dunsmuir, ca
 (84)
  durham, ca
 (122)
  dutch flat, ca
 (16)
  dyer, ca
 (1)
  

 
e

 
 eagle rock, ca
 (5)
  eagleville, ca
 (5)
  earlimart, ca
 (81)
  earp, ca
 (34)
  east highlands, ca
 (1)
  east irvine, ca
 (2)
  east littlerock, ca
 (1)
  east los angeles, ca
 (3)
  east palo alto, ca
 (316)
  east pearlblossom, ca
 (1)
  east rancho dominguez, ca
 (55)
  eastvale, ca
 (5)
  ecs, ca
 (1)
  edison, ca
 (11)
  edwards, ca
 (74)
  edwards afb, ca
 (3)
  el cajon, ca
 (4542)
  el centro, ca
 (1830)
  
 
 el cerrito, ca
 (756)
  el dorado, ca
 (128)
  el dorado hills, ca
 (978)
  el granada, ca
 (37)
  el macero, ca
 (9)
  el monte, ca
 (2847)
  el nido, ca
 (9)
  el portal, ca
 (21)
  el rio, ca
 (1)
  el segundo, ca
 (1872)
  el sobrante, ca
 (543)
  el toro, ca
 (47)
  el verano, ca
 (8)
  eldridge, ca
 (6)
  elk, ca
 (26)
  elk creek, ca
 (19)
  elk grove, ca
 (2778)
  elmira, ca
 (6)
  
 
 elverta, ca
 (96)
  emerald hills, ca
 (54)
  emeryville, ca
 (1470)
  emigrant gap, ca
 (9)
  emmaton, ca
 (1)
  empire, ca
 (17)
  encinitas, ca
 (2421)
  encino, ca
 (3179)
  ernb, ca
 (1)
  escalon, ca
 (273)
  escondido, ca
 (4879)
  esparto, ca
 (54)
  essex, ca
 (3)
  etiwanda, ca
 (5)
  etna, ca
 (143)
  eureka, ca
 (2555)
  exeter, ca
 (402)
  

 
f

 
 fair oaks, ca
 (1471)
  fairfax, ca
 (334)
  fairfield, ca
 (3278)
  fall river mills, ca
 (111)
  fallbrook, ca
 (1155)
  famoso, ca
 (3)
  farmersville, ca
 (151)
  farmington, ca
 (21)
  fawnskin, ca
 (43)
  feather falls, ca
 (2)
  felicity, ca
 (8)
  fellows, ca
 (33)
  felton, ca
 (335)
  ferndale, ca
 (108)
  fetters hot springs, ca
 (2)
  fiddletown, ca
 (17)
  fields landing, ca
 (11)
  fillmore, ca
 (406)
  finley, ca
 (5)
  firebaugh, ca
 (255)
  
 
 fish camp, ca
 (22)
  five points, ca
 (47)
  floriston, ca
 (2)
  flournoy, ca
 (2)
  folsom, ca
 (2605)
  fontana, ca
 (3609)
  foothill ranch, ca
 (361)
  forbestown, ca
 (7)
  forest falls, ca
 (29)
  forest knolls, ca
 (42)
  forest ranch, ca
 (20)
  foresta, ca
 (1)
  foresthill, ca
 (229)
  forestville, ca
 (182)
  forks of salmon, ca
 (8)
  fort bidwell, ca
 (13)
  fort bragg, ca
 (887)
  fort dick, ca
 (1)
  fort independence indian res, ca
 (1)
  fort irwin, ca
 (80)
  
 
 fort jones, ca
 (159)
  fortuna, ca
 (606)
  foster city, ca
 (767)
  fountain valley, ca
 (2208)
  fowler, ca
 (204)
  frazier park, ca
 (151)
  frch cmp, ca
 (1)
  freedom, ca
 (214)
  freestone, ca
 (1)
  fremont, ca
 (6520)
  french camp, ca
 (139)
  french gulch, ca
 (11)
  fresno, ca
 (18234)
  friant, ca
 (53)
  frnly, ca
 (1)
  frontera, ca
 (1)
  full, ca
 (1)
  fullerton, ca
 (4244)
  fulton, ca
 (33)
  

 
g

 
 galt, ca
 (553)
  garberville, ca
 (223)
  garden grove, ca
 (4653)
  garden valley, ca
 (52)
  gardena, ca
 (4264)
  gasquet, ca
 (16)
  gazelle, ca
 (9)
  georgetown, ca
 (121)
  gerber, ca
 (53)
  geyserville, ca
 (115)
  gilroy, ca
 (1998)
  glen ellen, ca
 (174)
  glencoe, ca
 (9)
  glendale, ca
 (7713)
  glendora, ca
 (2023)
  glenhaven, ca
 (8)
  glenn, ca
 (33)
  
 
 glennville, ca
 (11)
  gold river, ca
 (452)
  gold run, ca
 (5)
  goleta, ca
 (1459)
  gonzales, ca
 (150)
  goodyears bar, ca
 (2)
  gorman, ca
 (1)
  goshen, ca
 (14)
  graeagle, ca
 (6)
  granada hills, ca
 (1323)
  grand terrace, ca
 (251)
  granite bay, ca
 (557)
  grass valley, ca
 (2503)
  graton, ca
 (48)
  green valley, ca
 (1)
  green valley lake, ca
 (38)
  greenbrae, ca
 (399)
  
 
 greenfield, ca
 (240)
  greenview, ca
 (6)
  greenville, ca
 (89)
  greenwood, ca
 (17)
  grenada, ca
 (13)
  gridley, ca
 (360)
  grimes, ca
 (31)
  grizzly flats, ca
 (12)
  groveland, ca
 (182)
  grover beach, ca
 (580)
  guadalupe, ca
 (117)
  gualala, ca
 (189)
  guasti, ca
 (24)
  guatay, ca
 (12)
  guerneville, ca
 (215)
  guinda, ca
 (18)
  gustine, ca
 (183)
  

 
h

 
 hacienda heights, ca
 (877)
  half moon bay, ca
 (736)
  hamburg, ca
 (1)
  hamilton afb, ca
 (2)
  hamilton city, ca
 (20)
  hanford, ca
 (1919)
  happy camp, ca
 (124)
  harbor city, ca
 (632)
  harmony, ca
 (5)
  hat creek, ca
 (13)
  hathaway pines, ca
 (19)
  hawaiian gardens, ca
 (362)
  hawthorne, ca
 (2096)
  hayfork, ca
 (90)
  hayward, ca
 (6039)
  healdsburg, ca
 (1152)
  heber, ca
 (51)
  helendale, ca
 (85)
  helm, ca
 (10)
  
 
 hemet, ca
 (2423)
  henderson nevada, ca
 (1)
  herald, ca
 (46)
  hercules, ca
 (337)
  herlong, ca
 (33)
  hermosa beach, ca
 (1146)
  hesperia, ca
 (2020)
  hickman, ca
 (29)
  hidden hills, ca
 (36)
  hidden valley lake, ca
 (71)
  highland, ca
 (698)
  highland park, ca
 (3)
  highlands, ca
 (1)
  hillsborough, ca
 (75)
  hilmar, ca
 (165)
  hinkley, ca
 (16)
  hollister, ca
 (1332)
  hollydale, ca
 (1)
  hollywood, ca
 (28)
  
 
 holmdel, ca
 (1)
  holt, ca
 (6)
  holtville, ca
 (160)
  homeland, ca
 (84)
  homewood, ca
 (62)
  honeydew, ca
 (5)
  hood, ca
 (35)
  hoopa, ca
 (112)
  hopland, ca
 (67)
  hornbrook, ca
 (22)
  hornitos, ca
 (20)
  horth highlands, ca
 (1)
  hughson, ca
 (191)
  hume, ca
 (5)
  huntington beach, ca
 (6981)
  huntington park, ca
 (2032)
  huron, ca
 (124)
  hyampom, ca
 (9)
  hydesville, ca
 (18)
  

 
i

 
 idyllwild, ca
 (231)
  idyllwild pine cove, ca
 (1)
  igo, ca
 (20)
  imperial, ca
 (299)
  imperial beach, ca
 (414)
  independence, ca
 (33)
  indian wells, ca
 (270)
  
 
 indio, ca
 (1958)
  indio hills, ca
 (1)
  industry, ca
 (80)
  inglewood, ca
 (3590)
  inverness, ca
 (44)
  inyokern, ca
 (59)
  ione, ca
 (169)
  
 
 irvine, ca
 (10360)
  irvington, ca
 (1)
  irwindale, ca
 (150)
  isla vista, ca
 (5)
  isleton, ca
 (88)
  ivanhoe, ca
 (46)
  

 
j

 
 jackson, ca
 (806)
  jacumba, ca
 (30)
  jamestown, ca
 (209)
  jamul, ca
 (140)
  janesville, ca
 (43)
  
 
 jenner, ca
 (38)
  johannesburg, ca
 (4)
  johnson valley, ca
 (1)
  jolon, ca
 (1)
  joshua tree, ca
 (216)
  
 
 julian, ca
 (161)
  junction city, ca
 (15)
  june lake, ca
 (75)
  jurupa valley, ca
 (5)
  

 
k

 
 kaweah, ca
 (1)
  keeler, ca
 (2)
  keene, ca
 (18)
  kelseyville, ca
 (331)
  kennedy meadows, ca
 (3)
  kensington, ca
 (112)
  kentfield, ca
 (263)
  kenwood, ca
 (84)
  kerman, ca
 (453)
  
 
 kernville, ca
 (124)
  kettleman city, ca
 (50)
  keyes, ca
 (23)
  king city, ca
 (428)
  kings beach, ca
 (214)
  kings canyon national park, ca
 (5)
  kingsburg, ca
 (442)
  kirkwood, ca
 (63)
  
 
 klamath, ca
 (71)
  klamath river, ca
 (47)
  kneeland, ca
 (14)
  knights landing, ca
 (52)
  knightsen, ca
 (50)
  knox, ca
 (1)
  korbel, ca
 (17)
  kyburz, ca
 (13)
  

 
l

 
 la canada, ca
 (17)
  la canada flintridge, ca
 (665)
  la crescenta, ca
 (1004)
  la grange, ca
 (49)
  la habra, ca
 (1974)
  la habra heights, ca
 (36)
  la honda, ca
 (69)
  la jolla, ca
 (2861)
  la mesa, ca
 (2634)
  la mirada, ca
 (1185)
  la palma, ca
 (367)
  la porte, ca
 (7)
  la puente, ca
 (1973)
  la quinta, ca
 (1000)
  la quinta state, ca
 (1)
  la selva beach, ca
 (1)
  la verne, ca
 (1062)
  ladera ranch, ca
 (270)
  lafayette, ca
 (1408)
  laguna beach, ca
 (1763)
  laguna hills, ca
 (2155)
  laguna niguel, ca
 (1475)
  laguna woods, ca
 (190)
  lagunitas, ca
 (43)
  lake almanor, ca
 (7)
  lake arrowhead, ca
 (379)
  lake balboa, ca
 (1)
  lake city, ca
 (2)
  lake elsinore, ca
 (1620)
  lake forest, ca
 (2110)
  lake hughes, ca
 (68)
  lake isabella, ca
 (309)
  lake june, ca
 (1)
  lake sherwood, ca
 (9)
  lake view terrace, ca
 (8)
  lakehead, ca
 (31)
  lakeport, ca
 (833)
  
 
 lakeshore, ca
 (11)
  lakeside, ca
 (705)
  lakewood, ca
 (1765)
  lamirada, ca
 (1)
  lamont, ca
 (219)
  lancaster, ca
 (4081)
  landers, ca
 (20)
  larkspur, ca
 (571)
  las vegas, ca
 (2)
  lathrop, ca
 (385)
  laton, ca
 (31)
  lawndale, ca
 (941)
  laytonville, ca
 (90)
  le grand, ca
 (50)
  lebec, ca
 (159)
  lee vining, ca
 (52)
  leggett, ca
 (16)
  lemon cove, ca
 (23)
  lemon grove, ca
 (622)
  lemoore, ca
 (582)
  lennox, ca
 (4)
  lenoir, ca
 (1)
  leona valley, ca
 (27)
  lewiston, ca
 (53)
  likely, ca
 (8)
  lincoln, ca
 (854)
  lincoln acres, ca
 (38)
  lincoln heights, ca
 (1)
  linda, ca
 (1)
  linden, ca
 (113)
  lindsay, ca
 (333)
  linthicum heights, ca
 (1)
  litchfield, ca
 (7)
  little lake, ca
 (1)
  little river, ca
 (25)
  littlerock, ca
 (145)
  live oak, ca
 (152)
  
 
 livermore, ca
 (3341)
  livingston, ca
 (229)
  llano, ca
 (50)
  lockeford, ca
 (122)
  lockwood, ca
 (4)
  lodi, ca
 (2727)
  loleta, ca
 (25)
  loma linda, ca
 (492)
  loma mar, ca
 (35)
  lomita, ca
 (926)
  lompoc, ca
 (1351)
  lone pine, ca
 (124)
  long barn, ca
 (20)
  long beach, ca
 (14004)
  lookout, ca
 (10)
  loomis, ca
 (474)
  los alamitos, ca
 (1519)
  los alamos, ca
 (51)
  los altos, ca
 (1600)
  los altos hills, ca
 (94)
  los angeles, ca
 (80317)
  los angels, ca
 (1)
  los banos, ca
 (911)
  los cerritos, ca
 (1)
  los gatos, ca
 (2538)
  los molinos, ca
 (83)
  los olivos, ca
 (129)
  los osos, ca
 (381)
  lost hills, ca
 (59)
  lotus, ca
 (38)
  lower lake, ca
 (188)
  loyalton, ca
 (51)
  lucerne, ca
 (59)
  lucerne valley, ca
 (118)
  ludlow, ca
 (4)
  lynwood, ca
 (1153)
  lytle creek, ca
 (44)
  

 
m

 
 macdoel, ca
 (47)
  mad river, ca
 (31)
  madeline, ca
 (3)
  madera, ca
 (2113)
  madison, ca
 (21)
  magalia, ca
 (142)
  malibu, ca
 (1491)
  mammoth lakes, ca
 (707)
  manchester, ca
 (17)
  manhattan beach, ca
 (1899)
  manteca, ca
 (2195)
  manton, ca
 (14)
  manzanita lake, ca
 (1)
  march air reserve base, ca
 (69)
  maricopa, ca
 (30)
  marina, ca
 (553)
  marina del rey, ca
 (1449)
  mariposa, ca
 (901)
  markleeville, ca
 (53)
  marshall, ca
 (63)
  martell, ca
 (11)
  martinez, ca
 (1512)
  marysville, ca
 (1303)
  mather, ca
 (65)
  maxwell, ca
 (42)
  maywood, ca
 (392)
  mc farland, ca
 (150)
  mc kittrick, ca
 (41)
  mcarthur, ca
 (50)
  mcclellan, ca
 (145)
  mcclellan afb, ca
 (3)
  mccloud, ca
 (44)
  mckinleyville, ca
 (380)
  mckittrick, ca
 (1)
  md rv, ca
 (1)
  meadow valley, ca
 (10)
  meadow vista, ca
 (95)
  
 
 mecca, ca
 (90)
  memphis, ca
 (1)
  mendocino, ca
 (290)
  mendota, ca
 (173)
  menifee, ca
 (450)
  menlo park, ca
 (2208)
  mentone, ca
 (168)
  merced, ca
 (2850)
  meridian, ca
 (39)
  mi wuk village, ca
 (31)
  michigan bar, ca
 (1)
  middletown, ca
 (205)
  midpines, ca
 (22)
  midway city, ca
 (139)
  milford, ca
 (5)
  mill creek, ca
 (4)
  mill valley, ca
 (1593)
  millbrae, ca
 (763)
  millville, ca
 (27)
  milpitas, ca
 (2504)
  mineral, ca
 (15)
  mira loma, ca
 (717)
  mira mesa, ca
 (6)
  mirada, ca
 (1)
  miramar, ca
 (9)
  miramonte, ca
 (8)
  miranda, ca
 (23)
  mission hills, ca
 (606)
  mission viejo, ca
 (2927)
  moccasin, ca
 (3)
  modesto, ca
 (8878)
  mojave, ca
 (228)
  mokelumne hill, ca
 (46)
  monarch beach, ca
 (3)
  mono hot springs, ca
 (1)
  monrovia, ca
 (1663)
  montague, ca
 (70)
  
 
 montara, ca
 (72)
  montclair, ca
 (1481)
  monte rio, ca
 (61)
  monte sereno, ca
 (22)
  montebello, ca
 (2269)
  montecito, ca
 (16)
  monterey, ca
 (3390)
  monterey park, ca
 (1952)
  montgomery creek, ca
 (20)
  montrose, ca
 (360)
  moorpark, ca
 (968)
  moraga, ca
 (508)
  moreno valley, ca
 (2765)
  morgan hill, ca
 (1733)
  morongo valley, ca
 (76)
  morro bay, ca
 (639)
  moss beach, ca
 (111)
  moss landing, ca
 (88)
  mount aukum, ca
 (13)
  mount baldy, ca
 (38)
  mount hamilton, ca
 (26)
  mount hermon, ca
 (6)
  mount laguna, ca
 (13)
  mount shasta, ca
 (523)
  mount waterman, ca
 (2)
  mount wilson, ca
 (29)
  mountain center, ca
 (36)
  mountain house, ca
 (1)
  mountain mesa, ca
 (3)
  mountain pass, ca
 (4)
  mountain ranch, ca
 (35)
  mountain view, ca
 (3530)
  muir beach, ca
 (5)
  murphys, ca
 (271)
  murrieta, ca
 (3125)
  myers flat, ca
 (13)
  

 
n

 
 napa, ca
 (4407)
  national, ca
 (1)
  national city, ca
 (2082)
  natk cty, ca
 (1)
  navarro, ca
 (7)
  needles, ca
 (300)
  nelson, ca
 (5)
  nevada city, ca
 (844)
  new almaden, ca
 (25)
  new cuyama, ca
 (37)
  newark, ca
 (1444)
  newberry springs, ca
 (49)
  newbury park, ca
 (1376)
  newcastle, ca
 (229)
  
 
 newhall, ca
 (496)
  newman, ca
 (216)
  newport beach, ca
 (5802)
  newport coast, ca
 (64)
  nicasio, ca
 (27)
  nice, ca
 (51)
  nicolaus, ca
 (43)
  niland, ca
 (38)
  nipomo, ca
 (386)
  nipton, ca
 (2)
  norco, ca
 (1001)
  norden, ca
 (6)
  north bend, ca
 (1)
  north fair oaks, ca
 (4)
  
 
 north fork, ca
 (123)
  north haven, ca
 (1)
  north highlands, ca
 (915)
  north hills, ca
 (800)
  north hollywood, ca
 (5099)
  north palm springs, ca
 (42)
  north san juan, ca
 (29)
  north sebastpol, ca
 (1)
  north tustin, ca
 (1)
  northridge, ca
 (3338)
  norwalk, ca
 (2261)
  novato, ca
 (2734)
  nubieber, ca
 (4)
  nuevo, ca
 (126)
  

 
o

 
 o neals, ca
 (32)
  oak hills, ca
 (97)
  oak park, ca
 (121)
  oak run, ca
 (16)
  oak view, ca
 (114)
  oakdale, ca
 (980)
  oakhurst, ca
 (1073)
  oakland, ca
 (14631)
  oakley, ca
 (516)
  oakville, ca
 (21)
  oasis, ca
 (1)
  occidental, ca
 (109)
  ocean springs, ca
 (1)
  oceano, ca
 (123)
  
 
 oceanside, ca
 (3632)
  ocotillo, ca
 (17)
  oildale, ca
 (1)
  ojai, ca
 (763)
  olancha, ca
 (17)
  old station, ca
 (8)
  olema, ca
 (15)
  olivehurst, ca
 (242)
  olympic valley, ca
 (96)
  ono, ca
 (1)
  ontario, ca
 (6424)
  onyx, ca
 (4)
  orange, ca
 (6573)
  
 
 orange cove, ca
 (137)
  orangevale, ca
 (779)
  orcutt, ca
 (40)
  ordbend, ca
 (1)
  oregon house, ca
 (31)
  orick, ca
 (25)
  orinda, ca
 (619)
  orland, ca
 (459)
  orleans, ca
 (23)
  oro grande, ca
 (25)
  orosi, ca
 (131)
  oroville, ca
 (1535)
  oxnard, ca
 (5192)
  

 
p

 
 pacheco, ca
 (193)
  pacific beach, ca
 (1)
  pacific grove, ca
 (702)
  pacific palisades, ca
 (912)
  pacifica, ca
 (904)
  pacoima, ca
 (1141)
  paicines, ca
 (41)
  pala, ca
 (36)
  palermo, ca
 (21)
  palm desert, ca
 (3957)
  palm springs, ca
 (2901)
  palmdale, ca
 (2970)
  palo alto, ca
 (4478)
  palo cedro, ca
 (174)
  palo verde, ca
 (14)
  palomar mountain, ca
 (20)
  palomar park, ca
 (3)
  palos verdes estates, ca
 (289)
  palos verdes peninsula, ca
 (182)
  panorama city, ca
 (858)
  paradise, ca
 (1142)
  paramount, ca
 (1477)
  park city utah, ca
 (1)
  parker dam, ca
 (11)
  parlier, ca
 (187)
  pasadena, ca
 (8768)
  paskenta, ca
 (11)
  paso robles, ca
 (2191)
  patterson, ca
 (476)
  patton, ca
 (31)
  pauma valley, ca
 (71)
  paynes creek, ca
 (13)
  pearblossom, ca
 (63)
  pebble beach, ca
 (146)
  
 
 penn valley, ca
 (256)
  penngrove, ca
 (111)
  penryn, ca
 (94)
  pepperwood, ca
 (1)
  permanente, ca
 (1)
  perris, ca
 (1283)
  pescadero, ca
 (75)
  petaluma, ca
 (3336)
  petrolia, ca
 (33)
  phelan, ca
 (271)
  philadelphia, ca
 (1)
  phillipsville, ca
 (12)
  philo, ca
 (63)
  pico, ca
 (1)
  pico rivera, ca
 (1486)
  piedmont, ca
 (207)
  piedra, ca
 (2)
  piercy, ca
 (13)
  pilot hill, ca
 (25)
  pine grove, ca
 (269)
  pine mountain club, ca
 (51)
  pine valley, ca
 (42)
  pinecrest, ca
 (30)
  pinedale, ca
 (9)
  pinole, ca
 (737)
  pinon hills, ca
 (69)
  pioneer, ca
 (381)
  pioneertown, ca
 (13)
  piru, ca
 (75)
  pismo beach, ca
 (621)
  pittsburg, ca
 (1271)
  pixley, ca
 (85)
  placentia, ca
 (1469)
  
 
 placerville, ca
 (1740)
  planada, ca
 (44)
  platina, ca
 (20)
  playa del rey, ca
 (385)
  playa vista, ca
 (20)
  pleasant grove, ca
 (67)
  pleasant hill, ca
 (1460)
  pleasanton, ca
 (3874)
  plumas lake, ca
 (22)
  plymouth, ca
 (144)
  point arena, ca
 (78)
  point mugu nawc, ca
 (25)
  point reyes station, ca
 (147)
  pollock pines, ca
 (151)
  pomona, ca
 (3637)
  pope valley, ca
 (19)
  port costa, ca
 (38)
  port hueneme, ca
 (378)
  port hueneme cbc base, ca
 (13)
  porter ranch, ca
 (330)
  porterville, ca
 (1553)
  portola, ca
 (215)
  portola valley, ca
 (222)
  posey, ca
 (6)
  potrero, ca
 (12)
  potter valley, ca
 (47)
  poway, ca
 (1773)
  prather, ca
 (63)
  princeton, ca
 (14)
  princeton by the sea, ca
 (4)
  proberta, ca
 (4)
  project city, ca
 (1)
  prunedale, ca
 (3)
  

 
q

 
 quail valley, ca
 (41)
  
 
 quartz hill, ca
 (22)
  
 
 quincy, ca
 (435)
  

 
r

 
 rackerby, ca
 (2)
  ragged point, ca
 (2)
  rail road flat, ca
 (11)
  raisin city, ca
 (8)
  ramona, ca
 (855)
  ranchita, ca
 (5)
  rancho cordova, ca
 (2374)
  rancho cucamonga, ca
 (5996)
  rancho de los penasq, ca
 (1)
  rancho dominguez, ca
 (4)
  rancho mirage, ca
 (999)
  rancho mission viejo, ca
 (1)
  rancho murieta, ca
 (65)
  rancho palos verdes, ca
 (575)
  rancho park, ca
 (1)
  rancho santa fe, ca
 (465)
  rancho santa margarita, ca
 (862)
  randsburg, ca
 (6)
  ravendale, ca
 (3)
  raymond, ca
 (41)
  red bluff, ca
 (1324)
  red mountain, ca
 (1)
  redcrest, ca
 (8)
  redding, ca
 (5413)
  
 
 redlands, ca
 (3216)
  redondo beach, ca
 (3287)
  redway, ca
 (89)
  redwood city, ca
 (4103)
  redwood estates, ca
 (28)
  redwood valley, ca
 (124)
  reedley, ca
 (672)
  rescue, ca
 (70)
  reseda, ca
 (1636)
  rialto, ca
 (1512)
  richgrove, ca
 (18)
  richmond, ca
 (2971)
  richvale, ca
 (20)
  ridgecrest, ca
 (1023)
  rim forest, ca
 (1)
  rimforest, ca
 (74)
  rio dell, ca
 (71)
  rio linda, ca
 (295)
  rio nido, ca
 (3)
  rio oso, ca
 (32)
  rio vista, ca
 (289)
  ripley, ca
 (2)
  ripon, ca
 (464)
  river pines, ca
 (5)
  
 
 riverbank, ca
 (372)
  riverdale, ca
 (116)
  riverside, ca
 (11370)
  robbins, ca
 (37)
  rocklin, ca
 (1895)
  rodeo, ca
 (179)
  rohnert park, ca
 (1207)
  rolling hills, ca
 (21)
  rolling hills estates, ca
 (694)
  romoland, ca
 (6)
  rosamond, ca
 (288)
  rosemead, ca
 (1448)
  roseville, ca
 (6867)
  ross, ca
 (93)
  rossmoor, ca
 (5)
  rough and ready, ca
 (52)
  round mountain, ca
 (6)
  rowland heights, ca
 (1170)
  royal oaks, ca
 (182)
  rumsey, ca
 (5)
  running springs, ca
 (217)
  ruth, ca
 (1)
  rutherford, ca
 (25)
  ryde, ca
 (22)
  

 
s

 
 sacramento, ca
 (26237)
  saddleback valley, ca
 (185)
  saint helena, ca
 (1016)
  saint paul, ca
 (1)
  salida, ca
 (208)
  salinas, ca
 (5544)
  salton city, ca
 (15)
  salyer, ca
 (7)
  samoa, ca
 (13)
  san andreas, ca
 (343)
  san anselmo, ca
 (678)
  san ardo, ca
 (26)
  san bernardino, ca
 (6035)
  san bruno, ca
 (1201)
  san carlos, ca
 (2010)
  san clemente, ca
 (2252)
  san diego, ca
 (40490)
  san dimas, ca
 (1565)
  san fernando, ca
 (1392)
  san fernando valley, ca
 (1)
  san francisco, ca
 (42325)
  san gabriel, ca
 (2006)
  san geron, ca
 (1)
  san geronimo, ca
 (42)
  san gregorio, ca
 (14)
  san jacinto, ca
 (801)
  san joaquin, ca
 (86)
  san jose, ca
 (27270)
  san juan bautista, ca
 (149)
  san juan capistrano, ca
 (1538)
  san juan capo, ca
 (9)
  san leandro, ca
 (3798)
  san lorenzo, ca
 (439)
  san lucas, ca
 (11)
  san luis obispo, ca
 (4169)
  san luis rey, ca
 (29)
  san marcos, ca
 (2621)
  san marino, ca
 (534)
  san martin, ca
 (189)
  san mateo, ca
 (5379)
  san miguel, ca
 (93)
  san pablo, ca
 (705)
  san pedro, ca
 (1972)
  san quentin, ca
 (31)
  san rafael, ca
 (5393)
  san ramon, ca
 (2640)
  san simeon, ca
 (45)
  san ysidro, ca
 (635)
  sand city, ca
 (13)
  sanger, ca
 (750)
  santa ana, ca
 (10721)
  santa barbara, ca
 (8028)
  santa clara, ca
 (5743)
  santa clarita, ca
 (4390)
  santa cruz, ca
 (4760)
  santa fe, ca
 (2)
  santa fe springs, ca
 (3364)
  santa margarita, ca
 (107)
  
 
 santa maria, ca
 (4267)
  santa monica, ca
 (8508)
  santa nella, ca
 (6)
  santa paula, ca
 (889)
  santa rita park, ca
 (1)
  santa rosa, ca
 (9450)
  santa rosa valley, ca
 (36)
  santa ynez, ca
 (362)
  santa ysabel, ca
 (29)
  santee, ca
 (1445)
  saratoga, ca
 (923)
  saticoy, ca
 (1)
  saugus, ca
 (15)
  sausalito, ca
 (1313)
  sawyers bar, ca
 (1)
  scotia, ca
 (9)
  scott bar, ca
 (3)
  scotts valley, ca
 (777)
  scottsdale, ca
 (2)
  scottys castle, ca
 (2)
  seal beach, ca
 (951)
  seaside, ca
 (966)
  sebastopol, ca
 (1387)
  seeley, ca
 (9)
  seiad valley, ca
 (6)
  selma, ca
 (733)
  sepulveda, ca
 (5)
  sequoia national park, ca
 (17)
  shadow hills, ca
 (1)
  shafter, ca
 (413)
  shandon, ca
 (26)
  shasta, ca
 (49)
  shasta lake, ca
 (200)
  shaver lake, ca
 (121)
  sheep ranch, ca
 (3)
  shell beach, ca
 (6)
  sheridan, ca
 (28)
  sherman oaks, ca
 (3555)
  sherwood forest, ca
 (23)
  shingle springs, ca
 (420)
  shingletown, ca
 (107)
  shoshone, ca
 (20)
  sierra city, ca
 (33)
  sierra madre, ca
 (433)
  sierraville, ca
 (23)
  signal hill, ca
 (1102)
  silverado, ca
 (85)
  simi valley, ca
 (3808)
  skyforest, ca
 (50)
  sloughhouse, ca
 (77)
  smartsville, ca
 (19)
  smith river, ca
 (53)
  snelling, ca
 (30)
  soda springs, ca
 (56)
  solana beach, ca
 (998)
  soledad, ca
 (310)
  solvang, ca
 (710)
  somerset, ca
 (55)
  
 
 somes bar, ca
 (13)
  somis, ca
 (175)
  sonoma, ca
 (1911)
  sonora, ca
 (1747)
  soquel, ca
 (667)
  soulsbyville, ca
 (31)
  south bay, ca
 (1)
  south dos palos, ca
 (11)
  south el monte, ca
 (1745)
  south gate, ca
 (1638)
  south industry, ca
 (1)
  south laguna, ca
 (1)
  south laguna beach, ca
 (1)
  south lake tahoe, ca
 (1604)
  south pasadena, ca
 (790)
  south san francisco, ca
 (2887)
  sparks, ca
 (1)
  spreckels, ca
 (17)
  spring valley, ca
 (1034)
  spring valley lake, ca
 (1)
  springville, ca
 (103)
  squaw valley, ca
 (52)
  standard, ca
 (4)
  standish, ca
 (12)
  stanford, ca
 (69)
  stanford university, ca
 (1)
  stanton, ca
 (930)
  stevenson ranch, ca
 (250)
  stevinson, ca
 (27)
  stewarts point, ca
 (4)
  stinson beach, ca
 (89)
  stirling city, ca
 (4)
  stockton, ca
 (9541)
  stonyford, ca
 (22)
  storrie, ca
 (4)
  stratford, ca
 (23)
  strathmore, ca
 (76)
  strawberry, ca
 (16)
  strawberry valley, ca
 (5)
  studio city, ca
 (1547)
  sugarloaf, ca
 (12)
  suisun city, ca
 (423)
  sultana, ca
 (2)
  summerland, ca
 (64)
  summit valley, ca
 (2)
  sun city, ca
 (661)
  sun valley, ca
 (1766)
  sunland, ca
 (510)
  sunnyvale, ca
 (4178)
  sunol, ca
 (80)
  sunset beach, ca
 (96)
  surfside, ca
 (52)
  susanville, ca
 (838)
  sutter, ca
 (57)
  sutter creek, ca
 (266)
  swan francisco, ca
 (1)
  sylmar, ca
 (1394)
  

 
t

 
 taft, ca
 (481)
  tahoe city, ca
 (608)
  tahoe vista, ca
 (79)
  tahoma, ca
 (41)
  talmage, ca
 (5)
  tampa, ca
 (1)
  tampa florida, ca
 (1)
  tarzana, ca
 (1893)
  taylorsville, ca
 (17)
  tecate, ca
 (36)
  tecopa, ca
 (13)
  tehachapi, ca
 (773)
  tehama, ca
 (7)
  tejon ranch, ca
 (70)
  temecula, ca
 (4931)
  temple city, ca
 (894)
  templeton, ca
 (428)
  termo, ca
 (1)
  terra bella, ca
 (71)
  texaco, ca
 (1)
  the sea ranch, ca
 (26)
  
 
 thermal, ca
 (190)
  thornton, ca
 (24)
  thousand oaks, ca
 (3442)
  thousand palms, ca
 (334)
  three rivers, ca
 (114)
  tiburon, ca
 (9)
  tipton, ca
 (83)
  toll house, ca
 (1)
  tollhouse, ca
 (46)
  toluca lake, ca
 (227)
  tomales, ca
 (50)
  topanga, ca
 (262)
  topaz, ca
 (3)
  torrance, ca
 (8947)
  tow harbors, ca
 (1)
  toyon, ca
 (1)
  trabuco canyon, ca
 (321)
  tracy, ca
 (2650)
  tranquillity, ca
 (37)
  traver, ca
 (25)
  travis afb, ca
 (61)
  
 
 tres pinos, ca
 (23)
  trinidad, ca
 (85)
  trinity center, ca
 (48)
  trona, ca
 (55)
  trowbridge, ca
 (4)
  truckee, ca
 (1314)
  true, ca
 (1)
  tujunga, ca
 (523)
  tulare, ca
 (1778)
  tulelake, ca
 (170)
  tulsa oklahoma, ca
 (1)
  tuolumne, ca
 (93)
  tupman, ca
 (3)
  turlock, ca
 (2337)
  tustin, ca
 (3226)
  twain, ca
 (3)
  twain harte, ca
 (162)
  twentynine palms, ca
 (456)
  twin bridges, ca
 (11)
  twin lakes, ca
 (1)
  twin peaks, ca
 (77)
  

 
u

 
 ukiah, ca
 (1898)
  union city, ca
 (1493)
  
 
 universal city, ca
 (61)
  upland, ca
 (3613)
  
 
 upper lake, ca
 (122)
  

 
v

 
 vacaville, ca
 (2668)
  valencia, ca
 (1678)
  vallecito, ca
 (25)
  vallejo, ca
 (3152)
  valley center, ca
 (416)
  valley ford, ca
 (24)
  valley glen, ca
 (3)
  valley springs, ca
 (337)
  valley village, ca
 (721)
  valyermo, ca
 (33)
  
 
 van nuys, ca
 (6828)
  vandenberg afb, ca
 (2)
  venice, ca
 (1520)
  ventura, ca
 (5840)
  verdugo city, ca
 (55)
  vernalis, ca
 (19)
  vernon, ca
 (1649)
  victor, ca
 (11)
  victorville, ca
 (3060)
  view park, ca
 (77)
  
 
 villa grande, ca
 (2)
  villa park, ca
 (125)
  vina, ca
 (17)
  vineburg, ca
 (4)
  vinton, ca
 (3)
  virgilia, ca
 (1)
  visalia, ca
 (4865)
  vista, ca
 (3403)
  volcano, ca
 (111)
  

 
w

 
 wallace, ca
 (16)
  walnut, ca
 (1909)
  walnut carp, ca
 (1)
  walnut creek, ca
 (5599)
  walnut grove, ca
 (158)
  walnut park, ca
 (1)
  warner springs, ca
 (47)
  wasco, ca
 (394)
  washington, ca
 (15)
  waterford, ca
 (148)
  watsonville, ca
 (2167)
  waukena, ca
 (1)
  weaverville, ca
 (341)
  weed, ca
 (224)
  weimar, ca
 (16)
  weldon, ca
 (27)
  wendel, ca
 (7)
  weott, ca
 (11)
  west covina, ca
 (2521)
  west hills, ca
 (753)
  west hollywood, ca
 (2439)
  west los angeles, ca
 (18)
  west point, ca
 (114)
  
 
 west sacramento, ca
 (1633)
  westchester, ca
 (9)
  westlake village, ca
 (2831)
  westley, ca
 (29)
  westminster, ca
 (3198)
  westmorland, ca
 (25)
  westport, ca
 (11)
  westwood, ca
 (162)
  wheatland, ca
 (127)
  wheeler ridge, ca
 (7)
  whiskeytown, ca
 (1)
  whispering pines, ca
 (1)
  whitethorn, ca
 (51)
  whitewater, ca
 (12)
  whitmore, ca
 (14)
  whitmore hot springs, ca
 (1)
  whittier, ca
 (4550)
  wildomar, ca
 (535)
  wiley, ca
 (1)
  williams, ca
 (207)
  willits, ca
 (537)
  willow creek, ca
 (112)
  willows, ca
 (428)
  
 
 wilmington, ca
 (1198)
  wilseyville, ca
 (18)
  wilton, ca
 (114)
  winchester, ca
 (147)
  windsor, ca
 (816)
  windsor hills, ca
 (2)
  winnetka, ca
 (184)
  winterhaven, ca
 (175)
  winters, ca
 (231)
  winton, ca
 (114)
  wishon, ca
 (7)
  witter springs, ca
 (2)
  wofford heights, ca
 (64)
  woodacre, ca
 (55)
  woodbridge, ca
 (58)
  woodcrest, ca
 (2)
  woodlake, ca
 (162)
  woodland, ca
 (2058)
  woodland hills, ca
 (4107)
  woodside, ca
 (163)
  woody, ca
 (6)
  wrightwood, ca
 (140)
  

 
y

 
 yermo, ca
 (48)
  yettem, ca
 (3)
  yolo, ca
 (27)
  yorba linda, ca
 (1543)
  
 
 yorkville, ca
 (6)
  yosemite, ca
 (11)
  yosemite national park, ca
 (62)
  yountville, ca
 (216)
  
 
 yreka, ca
 (680)
  yuba city, ca
 (2803)
  yucaipa, ca
 (1035)
  yucca valley, ca
 (850)
  

 
z

 
 zamora, ca
 (23)
  
 
 zenia, ca
 (7)
  
 
 

 














download wowfie



a social photo editor app & selfie camera!
 
your photo in a million designs!













news & stories








 




 popular cities in california

  anaheim, ca  (10661)   bakersfield, ca  (13977)   fresno, ca  (18234)   irvine, ca  (10360)   long beach, ca  (14004)   los angeles, ca  (80317)   modesto, ca  (8878)   oakland, ca  (14631)   pasadena, ca  (8768)   riverside, ca  (11370)   sacramento, ca  (26237)   san diego, ca  (40490)   san francisco, ca  (42325)   san jose, ca  (27270)   santa ana, ca  (10721)   santa barbara, ca  (8028)   santa monica, ca  (8508)   santa rosa, ca  (9450)   stockton, ca  (9541)   torrance, ca  (8947)  








shareblast funny jokes, images, videos,
 gifs for whatsapp & facebook







back to top










  about us  |
 contact us  |
 privacy policy  |

terms of use


  california site map  



copyright © 2018 allpages.com all rights reserved.




































