


iowa geographic map server






 















 
iowa state university geographic information systems support & research facility
 
home
map layers
map viewers

igms data hub
arcgis mobile app
campus plant walk - iowa state university
arcgis app
classic viewer
leaflet viewer
arcgis online

map search
rest services
wms directory



iowa geographic map server









this site provides free access to iowa geographic map data through online map viewers and web 
        map services. 
		the site was developed by the iowa 
        state university geographic information systems support and research facility 
        in cooperation with the iowa department of natural resources, the usda natural resources conservation service, and 
        the massachusetts institute of technology. this site was first launched 
        in march 1999. 
        please provide attribution to the iowa state university geographic information systems support and research facility and data providers
        when using map images from this site in publications or presentations. 
        
        

open a map layer in arcgis web app




historical aerial photos 1930s - 1990s

 1930s
 1950s
 1960s
 1970s
 1980s cir
 1980s
 1990s

summer orthophotos 2004 - 2023

 2004
 2005
 2006
 2007
 2008
 2009
 2010

 natural color
 color infrared

 2011

 natural color
 color infrared

 2013

 natural color
 color infrared

 2014

 natural color
 color infrared

 2015

 natural color
 color infrared

 2017

 natural color
 color infrared

 2019

 natural color
 color infrared

 2021

 natural color
 color infrared

 2023

 natural color
 color infrared


spring orthophotos 2002 - 2018

 2002

 color infrared
 grayscale

 2007-2010

 natural color
 color infrared

 2016-2018

 natural color
 color infrared


elevation maps

 shaded relief and dem

 2020 lidar hillshade
 2020 lidar color hillshade
 2020 lidar dem
 2010 lidar hillshade
 2010 lidar color hillshade
 10-meter color hillshade
 30-meter

 color hillshade
 shaded relief


 usgs topographic

 24k scale
 100k scale
 250k scale


historical maps

 1800s general land office survey 
 andreas atlas
 historical usgs 24k topographic map
 historical usgs 250k topographic map

land use land cover

 1832-1859 glo vegetation
 1992 national land cover data
 1992 gap landcover
 2002 idnr landcover

geology

 iowa landforms
 iowa bedrock geology






open a map layer in classic map viewer




historical aerial photos 1930s - 1990s

 1930s
 1950s
 1960s
 1970s
 1980s
 1990s

summer orthophotos 2004 - 2023

 2004
 2005
 2006
 2007
 2008
 2009
 2010

 natural color
 color infrared

 2011

 natural color
 color infrared

 2013

 natural color
 color infrared

 2014

 natural color
 color infrared

 2015

 natural color
 color infrared

 2017

 natural color
 color infrared

 2019

 natural color
 color infrared

 2021

 natural color
 color infrared

 2023

 natural color
 color infrared


spring orthophotos 2002 - 2018

 2002

 color infrared
 grayscale

 2007-2010

 natural color
 color infrared

 2016-2018

 natural color
 color infrared


elevation maps

 shaded relief and dem

 2010 lidar hillshade
 2010 lidar color hillshade
 2010 lidar dem
 2020 lidar hillshade
 2020 lidar color hillshade
 2020 lidar dem
 10-meter color hillshade
 30-meter

 color hillshade
 hillshade


 usgs topographic

 24k scale
 100k scale
 250k scale


historical maps

 1800s general land office survey 
 andreas atlas

land use land cover

 1832-1859 glo vegetation
 1992 national land cover data
 1992 gap landcover
 2002 idnr landcover





map layer descriptions

historical aerial photos
summer orthophotos
spring orthophotos
elevation maps
historical maps
land use land cover

historical aerial photos of iowa 1930s - 1990s

1930s aerial photos
1930s aerial photos

this imagery is provided through a project funded by the iowa dnr in cooperation with the isu gis facility, and usda natural resources conservation service. 
	these aerial photos were acquired by the us department of agriculture from 1936-1941. 



1950s aerial photos
1950s aerial photos

this imagery is provided through a project funded by the iowa dnr in cooperation with the isu gis facility, and usda natural resources conservation service. 
    	these aerial photos were acquired by the us department of agriculture in the 1950s.



1960s aerial photos
1960s aerial photos

this imagery is provided through a project funded by the iowa dnr in cooperation with the isu gis facility, and usda natural resources conservation service. these aerial photos were acquired by the us department of agriculture in the 1960s.



1970s aerial photos
1970s aerial photos

this imagery is provided through a project funded by the iowa dnr in cooperation with the iowa usda natural resources conservation service, and isu gis facility. the source aerial photos for this map service were acquired by the us department of agriculture from may 1967 to october 1974.



1980s aerial photos
1980s color infrared aerial photos

      this imagery is provided through a project funded by the iowa dnr in cooperation with the isu gis facility. the source aerial photos for this map service were acquired by the national high altitude program (nhap) from may 1981 to august 1986.
      

1990s orthophotos
1990s digital orthophoto quads

digital orthophoto quads (doqs) are aerial photos in which displacements 
      caused by camera orientation and terrain have been removed. doqs combine 
      the image characteristics of a photograph with the geometric qualities of 
      a map. the doqs on this site are from aerial photos taken from 1990-2000 through the us geological survey.


summer orthophotos of iowa 2004 - 2021

2004 orthophotos
2004 orthophotos

the usda national agriculture imagery program (naip) 
      acquires imagery during the agricultural growing seasons in the continental 
      u.s. the naip imagery on this site are natural color orthophoto mosaics 
      from aerial photos taken in june - september 2004. the maximum resolution 
      of this imagery is 2 meters.



2005 orthophotos
2005 orthophotos

the usda national agriculture imagery program (naip) 
      acquires imagery during the agricultural growing seasons in the continental 
      u.s. the naip imagery on this site are natural color orthophoto mosaics 
      from aerial photos taken in june - september 2005. the maximum resolution 
      of this imagery is 2 meters.



2006 orthophotos
2006 orthophotos

the usda national agriculture imagery program (naip) 
      acquires imagery during the agricultural growing seasons in the continental 
      u.s. the naip imagery on this site are natural color orthophoto mosaics 
      from aerial photos taken in june - september 2006. the maximum resolution 
      of this imagery is 1 meter.



2007 orthophotos
2007 orthophotos

the usda national agriculture imagery program (naip) 
      acquires imagery during the agricultural growing seasons in the continental 
      u.s. the naip imagery on this site are natural color orthophoto mosaics 
      from aerial photos taken in june - september 2007. the maximum resolution 
      of this imagery is 2 meters.



2008 orthophotos
2008 orthophotos

the usda national agriculture imagery program (naip) 
      acquires imagery during the agricultural growing seasons in the continental 
      u.s. the naip imagery on this site are natural color orthophoto mosaics 
      from aerial photos taken in june - september 2008. the maximum resolution 
      of this imagery is 1 meter.



2009 orthophotos
2009 orthophotos

the usda national agriculture imagery program (naip) 
      acquires imagery during the agricultural growing seasons in the continental 
      u.s. the naip imagery on this site are natural color orthophoto mosaics 
      from aerial photos taken in june - september 2009. the maximum resolution 
      of this imagery is 1 meter.



2010 orthophotos
2010 natural color and color infrared orthophotos

usda national agriculture imagery program (naip) natural color and color infrared orthophoto mosaics from aerial photos taken in august-october 2010. the maximum resolution of this imagery is 1 meter.


2011 orthophotos
2011 natural color and color infrared orthophotos

usda national agriculture imagery program (naip) natural color and color infrared orthophoto mosaics from aerial photos taken in july-september 2011. the maximum resolution of this imagery is 1 meter.



2013 orthophotos
2013 natural color and color infrared orthophotos

usda national agriculture imagery program (naip) natural color  and color infrared orthophoto mosaics from aerial photos taken in july-september 2013. the maximum resolution of this imagery is 1 meter.



2014 orthophotos
2014 natural color and color infrared orthophotos

usda national agriculture imagery program (naip) natural color and color infrared orthophoto mosaics from aerial photos taken in july-october 2014. the maximum resolution of this imagery is 1 meter.



2015 orthophotos
2015 natural color and color infrared orthophotos

usda national agriculture imagery program (naip) natural color and color infrared orthophoto mosaics from aerial photos taken in july-october 2015. the maximum resolution of this imagery is 1 meter.



2017 orthophotos
2017 natural color and color infrared orthophotos

usda national agriculture imagery program (naip) natural color and color infrared orthophoto mosaics from aerial photos taken in july-october 2017. the maximum resolution of this imagery is 1 meter.



2019 orthophotos
2019 natural color and color infrared orthophotos

usda national agriculture imagery program (naip) natural color and color infrared orthophoto mosaics from aerial photos taken in july-october 2019. the maximum resolution of this imagery is 60 centimeters.



2021 orthophotos
2021 natural color and color infrared orthophotos

usda national agriculture imagery program (naip) natural color and color infrared orthophoto mosaics from aerial photos taken in july-october 2021. the maximum resolution of this imagery is 60 centimeters.



spring orthophotos of iowa 2002-2018

2002 orthophotos
spring 2002 color infrared orthophotos

color infrared digital orthophotos quads are derived from aerial 
      photos captured on color infrared film. the imagery is useful in detecting 
      vegetation types and soil conditions. the color infrared doqs on this site 
      are from aerial photos taken in march-may 2002. the imagery is provided 
      through a cooperative project with the iowa department of natural resources.



2007 orthophotos
spring 2007 natural color and color infrared orthophotos of northwest iowa

2007 northwest iowa high resolution orthophotos. iowa geographic information council and the us geological survey  natural color and color infrared orthophoto mosaics from aerial photos taken in april-may 2007. the project area covers a 17 county area of northwest iowa. the maximum resolution of this imagery is 2ft.



2009 orthophotos
spring 2009 natural color and color infrared orthophotos of southwest iowa

2009 southwest iowa high resolution orthophotos. natural color and color infrared orthophoto mosaics from aerial photos taken in march-may 2009. the project area covers a 41 county area of southwest and central iowa.


2010 orthophotos
spring 2010 natural color and color infrared orthophotos of eastern iowa

2010 eastern iowa high resolution orthophotos. natural color and color infrared orthophoto mosaics from aerial photos taken in march-may 2010. the project area covers a 41 county area of eastern iowa.


2016 orthophotos
spring 2016 natural color and color infrared orthophotos of eastern iowa

2016 eastern iowa high resolution orthophotos. natural color and color infrared orthophoto mosaics from aerial photos taken in march-may 2016 by the state of iowa. the project area covers the eastern half of iowa.


2017 orthophotos
spring 2017 natural color orthophotos of iowa

2017 high resolution orthophotos. natural color orthophoto mosaics from aerial photos taken in march-may 2017 by the state of iowa. the project area covers portions of northern and western iowa.


2018 orthophotos
spring 2018 natural color orthophotos of iowa

2018 high resolution orthophotos. natural color orthophoto mosaics from aerial photos taken in april-may 2018 by the state of iowa. the project area covers portions of west central and southwest iowa.


elevation maps of iowa

lidar hillshade
1-meter lidar hillshade

hillshade maps from 2007-2010 high resolution lidar terrain mapping project. the iowa dnr, usda natural resources conservation service and other partners funded a multi-year project to collect high-resolution lidar terrain data for the state of iowa. these hillshade maps are a derivative product from 1-meter resolution digital elevation models (dem) from the lidar bare-earth datasets



lidar color hillshade
lidar color hillshade

color hillshade maps from 2007-2010 high resolution lidar terrain mapping project. the iowa dnr, usda natural resources conservation service and other partners funded a multi-year project to collect high-resolution lidar terrain data for the state of iowa. these hillshade maps are a derivative product from 1-meter resolution digital elevation models (dem) from the lidar bare-earth datasets



10m color hillshade
hillshade from 10-meter dem

color hillshade from 10-meter digital elevation model. colors represent elevation values from state-wide dem. a gray-scale hillshade model was merged with the colorized dem.



30m color hillshade
hillshade from 30-meter dem

color hillshade from 30-meter digital elevation model. colors represent elevation values from state-wide dem. a gray-scale hillshade model was merged with the colorized dem.



30-meter hillshade
hillshade from 30-meter dem

color hillshade from 30-meter digital elevation model. colors represent elevation values from state-wide dem. a gray-scale hillshade model was merged with the colorized dem.



24k usgs topo
1:24k usgs topographic maps

digital raster graphic (1:24,000-scale drg) is a scanned image of a us geological survey (usgs) standard series topographic map. the image is georeferenced to the surface of the earth and fit to the universal transverse mercator projection.



100k usgs topo
1:100k usgs topographic maps

digital raster graphic (1:100,000-scale drg) is a scanned image of a us geological survey (usgs) standard series topographic map. the image is georeferenced to the surface of the earth and fit to the universal transverse mercator projection.



250k usgs topo
1:250k usgs topographic maps

digital raster graphic (1:250,000-scale drg) is a scanned image of a us geological survey (usgs) standard series topographic map. the image is georeferenced to the surface of the earth and fit to the universal transverse mercator projection.



historical maps of iowa

glo survey 1836-1859
general land office survey 1836-1859

1800s general land office survey map of iowa from survey conducted from 1836 through 1859. the source of the images is scanned microfilm of plats from the state archives. these plats represent maps drawn from the original field notes by the surveyor general's dubuque office. this data is provide by the iowa dnr geological survey bureau.



andreas atlas 1875
andreas atlas 1875

this image is a georectified image of the illustrated historical atlas of the state of iowa, 1875 by a.t. andreas. the david rumsey map collection digitized the image from an original copy, and the iowa department of natural resources georectified and clipped these images. images exist for all counties in iowa.



land use land cover maps of iowa

1800s glo vegetation 
vegetation map from 1836-1859 glo survey

iowa historic vegetation map was derived from general land office (glo) surveyor records of 1832-1859. 
	   the glo conducted the orginal public land survey of iowa. deputy surveyors and their assistants produced both field notes and township maps that briefly described the land and its natural resources (vegetation, water, soil, landform, and so on) at the time of the survey. 
	   these maps and survey notes are one of few data sources about vegetation distribution before much of iowa changed to a landscape of intensive agriculture. 
	   this coverage represents the observed vegetation by the deputy surveyors when laying out the public land surveys.



1992 nlcd
1992 national land cover dataset

the 1992 landcover map is derived from the us geological survey (usgs) national landcover 
      dataset. the imagery is based on landsat thematic mapper satellite data. 
      the spatial resolution of the data is 30 meters.



1992 gap landcover
1992 gap landcover of iowa

the iowa gap landcover map was developed as a part of the iowa gap analysis 
      program. the map is derived from 1992 satellite imagery and depicts existing 
      natural vegetation to the level of dominant or co-dominant plant species 
      the resolution of the source imagery is 30 meters.



2002 landcover
2002 landcover of iowa

the 2002 landcover map from the iowa geological survey bureau. this image service shows landcover and landuse information derived from 2002 satellite imagery.




map search for arcgis web app


map search for classic viewer



search by township, range and section number:




t65n 
              t66n 
              t67n 
              t68n 
              t69n 
              t70n 
              t71n 
              t72n 
              t73n 
              t74n 
              t75n 
              t76n 
              t77n 
              t78n 
              t79n 
              t80n 
              t81n 
              t82n 
              t83n 
              t84n 
              t85n 
              t86n 
              t87n 
              t88n 
              t89n 
              t90n 
              t91n 
              t92n 
              t93n 
              t94n 
              t95n 
              t96n 
              t97n 
              t98n 
              t99n 
              t100n 
            



r00w 
              r01e 
              r01w 
              r02e 
              r02w 
              r03e 
              r03w 
              r04e 
              r04w 
              r05e 
              r05w 
              r06e 
              r06w 
              r07e 
              r07w 
              r08w 
              r09w 
              r10w 
              r11w 
              r12w 
              r13w 
              r14w 
              r15w 
              r16w 
              r17w 
              r18w 
              r19w 
              r20w 
              r21w 
              r22w 
              r23w 
              r24w 
              r25w 
              r26w 
              r27w 
              r28w 
              r29w 
              r30w 
              r31w 
              r32w 
              r33w 
              r34w 
              r35w 
              r36w 
              r37w 
              r38w 
              r39w 
              r40w 
              r41w 
              r42w 
              r43w 
              r44w 
              r45w 
              r46w 
              r47w 
              r48w 
              r49w 
            



1 
              2 
              3 
              4 
              5 
              6 
              7 
              8 
              9 
              10 
              11 
              12 
              13 
              14 
              15 
              16 
              17 
              18 
              19 
              20 
              21 
              22 
              23 
              24 
              25 
              26 
              27 
              28 
              29 
              30 
              31 
              32 
              33 
              34 
              35 
              36 
            

 






search by city name:


ackley 
          ackworth 
          adair 
          adel 
          afton 
          agency 
          ainsworth 
          akron 
          albert city 
          albia 
          albion 
          alburnett 
          alden 
          alexander 
          algona 
          alleman 
          allerton 
          allison 
          alta 
          alta vista 
          alton 
          altoona 
          alvord 
          ames 
          anamosa 
          andover 
          andrew 
          anita 
          ankeny 
          anthon 
          aplington 
          arcadia 
          archer 
          aredale 
          arion 
          arispe 
          arlington 
          armstrong 
          arnold park 
          arthur 
          asbury 
          ashton 
          aspinwall 
          atalissa 
          athelstan 
          atkins 
          atlantic 
          auburn 
          audubon 
          aurelia 
          aurora 
          avoca 
          ayrshire 
          badger 
          bagley 
          baldwin 
          balltown 
          bancroft 
          bankston 
          barnes city 
          barnum 
          bassett 
          batavia 
          battle creek 
          baxter 
          bayard 
          beacon 
          beaconsfield 
          beaman 
          beaver 
          bedford 
          belle plaine 
          bellevue 
          belmond 
          bennett 
          benton 
          berkley 
          bernard 
          bertram 
          bettendorf 
          bevington 
          birmingham 
          blairsburg 
          blairstown 
          blakesburg 
          blanchard 
          blencoe 
          blockton 
          bloomfield 
          blue grass 
          bode 
          bonaparte 
          bondurant 
          boone 
          bouton 
          boxholm 
          boyden 
          braddyville 
          bradgate 
          brandon 
          brayton 
          breda 
          bridgewater 
          brighton 
          bristow 
          britt 
          bronson 
          brooklyn 
          brunsville 
          buck grove 
          buckeye 
          buffalo 
          buffalo center 
          burlington 
          burt 
          bussey 
          calamus 
          callender 
          calmar 
          calumet 
          camanche 
          cambridge 
          cantril 
          carbon 
          carlisle 
          carpenter 
          carroll 
          carson 
          carter lake 
          cascade 
          casey 
          castalia 
          castana 
          cedar falls 
          cedar rapids 
          center junction 
          center point 
          centerville 
          central city 
          centralia 
          chariton 
          charles city 
          charlotte 
          charter oak 
          chatsworth 
          chelsea 
          cherokee 
          chester 
          chillicothe 
          churdan 
          cincinnati 
          clare 
          clarence 
          clarinda 
          clarion 
          clarksville 
          clayton 
          clear lake 
          clearfield 
          cleghorn 
          clemons 
          clermont 
          clinton 
          clio 
          clive 
          clutier 
          coburg 
          coggon 
          coin 
          colesburg 
          colfax 
          college springs 
          collins 
          colo 
          columbus city 
          columbus junction 
          colwell 
          conesville 
          conrad 
          conway 
          coon rapids 
          coppock 
          coralville 
          corning 
          correctionville 
          corwith 
          corydon 
          cotter 
          coulter 
          council bluffs 
          craig 
          crawfordsville 
          crescent 
          cresco 
          creston 
          cromwell 
          crystal lake 
          cumberland 
          cumming 
          curlew 
          cushing 
          cylinder 
          dakota city 
          dallas center 
          dana 
          danbury 
          danville 
          davenport 
          davis city 
          dawson 
          dayton 
          de soto 
          de witt 
          decatur city 
          decorah 
          dedham 
          deep river 
          defiance 
          delaware 
          delhi 
          delmar 
          deloit 
          delphos 
          delta 
          denison 
          denver 
          derby 
          des moines 
          dexter 
          diagonal 
          dickens 
          dike 
          dixon 
          dolliver 
          donahue 
          donnan 
          donnellson 
          doon 
          dougherty 
          dow city 
          dows 
          drakesville 
          dubuque 
          dumont 
          duncombe 
          dundee 
          dunkerton 
          dunlap 
          durango 
          durant 
          dyersville 
          dysart 
          eagle grove 
          earlham 
          earling 
          earlville 
          early 
          east peru 
          eddyville 
          edgewood 
          elberon 
          eldon 
          eldora 
          eldridge 
          elgin 
          elk horn 
          elk run heights 
          elkader 
          elkhart 
          elkport 
          elliot 
          ellston 
          ellsworth 
          elma 
          ely 
          emerson 
          emmetsburg 
          epworth 
          essex 
          estherville 
          evansdale 
          everly 
          exira 
          exline 
          fairbank 
          fairfax 
          fairfield 
          farley 
          farmersburg 
          farmington 
          farnhamville 
          farragut 
          fayette 
          fenton 
          ferguson 
          fertile 
          floris 
          floyd 
          fonda 
          fontanelle 
          forest city 
          fort atkinson 
          fort dodge 
          fort madison 
          fostoria 
          franklin 
          fraser 
          fredericksburg 
          frederika 
          fredonia 
          fremont 
          fruitland 
          galt 
          galva 
          garber 
          garden grove 
          garnavillo 
          garner 
          garrison 
          garwin 
          geneva 
          george 
          gibson 
          gilbert 
          gilbertville 
          gillett grove 
          gilman 
          gilmore city 
          gladbrook 
          glenwood 
          glidden 
          goldfield 
          goodell 
          goose lake 
          gowrie 
          graettinger 
          graf 
          grafton 
          grand junction 
          grand mound 
          grand river 
          grandview 
          granger 
          grant 
          granville 
          gravity 
          gray 
          greeley 
          green island 
          greene 
          greenfield 
          greenville 
          grimes 
          grinnell 
          griswold 
          grundy center 
          gruver 
          guernsey 
          guthrie center 
          guttenberg 
          halbur 
          hamburg 
          hamilton 
          hampton 
          hancock 
          hanlontown 
          hansell 
          harcourt 
          hardy 
          harlan 
          harper 
          harpers ferry 
          harris 
          hartford 
          hartley 
          hartwick 
          harvey 
          hastings 
          havelock 
          haverhill 
          hawarden 
          hawkeye 
          hayesville 
          hazleton 
          hedrick 
          henderson 
          hepburn 
          hiawatha 
          hills 
          hillsboro 
          hinton 
          holland 
          holstein 
          holy cross 
          hopkinton 
          hornick 
          hospers 
          houghton 
          hubbard 
          hudson 
          hull 
          humboldt 
          humeston 
          huxley 
          ida grove 
          imogene 
          independence 
          indianola 
          inwood 
          ionia 
          iowa city 
          iowa falls 
          ireton 
          irwin 
          jackson junction 
          jamaica 
          janesville 
          jefferson 
          jesup 
          jewell 
          johnston 
          joice 
          jolley 
          kalona 
          kamrar 
          kanawha 
          kellerton 
          kelley 
          kellogg 
          kensett 
          kent 
          keokuk 
          keomah 
          keosauqua 
          keota 
          keswick 
          keystone 
          kimballton 
          kingsley 
          kinross 
          kirkman 
          kirkville 
          kiron 
          klemme 
          knierim 
          knoxville 
          la motte 
          la porte city 
          lacona 
          ladora 
          lake city 
          lake mills 
          lake park 
          lakeside 
          lakeview 
          lakota 
          lambs grove 
          lamoni 
          lamont 
          lanesboro 
          lansing 
          larchwood 
          larrabee 
          latimer 
          laurel 
          laurens 
          lawler 
          lawton 
          le claire 
          le grand 
          le mars 
          le roy 
          ledyard 
          lehigh 
          leighton 
          leland 
          lenox 
          leon 
          lester 
          letts 
          lewis 
          libertyville 
          lidderdale 
          lime springs 
          lincoln 
          linden 
          lineville 
          linn grove 
          lisbon 
          liscomb 
          little rock 
          little sioux 
          littleport 
          livermore 
          lockridge 
          logan 
          lohrville 
          lone rock 
          lone tree 
          long grove 
          lorimor 
          lost nation 
          lovilia 
          low moor 
          lowden 
          lu verne 
          luana 
          lucas 
          luther 
          luxemburg 
          luzerne 
          lynnville 
          lytton 
          macedonia 
          macksburg 
          madrid 
          magnolia 
          malcom 
          mallard 
          maloy 
          malvern 
          manchester 
          manilla 
          manly 
          manning 
          manson 
          mapleton 
          maquoketa 
          marathon 
          marble rock 
          marcus 
          marengo 
          marion 
          marne 
          marquette 
          marshalltown 
          martelle 
          martensdale 
          martinsburg 
          marysville 
          mason city 
          masonville 
          massena 
          matlock 
          maurice 
          maxwell 
          maynard 
          maysville 
          mccausland 
          mcclelland 
          mcgregor 
          mcintire 
          mccallsburg 
          mechanicsville 
          mediapolis 
          melbourne 
          melcher 
          melrose 
          melvin 
          menlo 
          meriden 
          merrill 
          meservey 
          middletown 
          miles 
          milford 
          millersburg 
          millerton 
          millville 
          milo 
          milton 
          minburn 
          minden 
          mingo 
          missouri valley 
          mitchell 
          mitchellville 
          modale 
          mondamin 
          moneta 
          monmouth 
          monona 
          monroe 
          montezuma 
          monticello 
          montour 
          montrose 
          moorhead 
          moorland 
          moravia 
          morley 
          morning sun 
          morrison 
          moulton 
          mount auburn 
          mount ayr 
          mount pleasant 
          mount sterling 
          mount union 
          mount vernon 
          moville 
          murray 
          muscatine 
          mystic 
          nashua 
          nemaha 
          neola 
          nevada 
          new albin 
          new hampton 
          new hartford 
          new liberty 
          new london 
          new market 
          new providence 
          new sharon 
          new vienna 
          new virginia 
          newell 
          newhall 
          newton 
          nichols 
          nodaway 
          nora springs 
          north buena vista 
          north english 
          north liberty 
          north washington 
          northboro 
          northwood 
          norwalk 
          norway 
          numa 
          oakland 
          oakland acres 
          oakville 
          ocheyedan 
          odebolt 
          oelwein 
          ogden 
          okoboji 
          olds 
          olin 
          ollie 
          onawa 
          oneida 
          onslow 
          orange city 
          orchard 
          orient 
          orleans 
          osage 
          osceola 
          oskaloosa 
          ossian 
          osterdock 
          otho 
          oto 
          ottosen 
          ottumwa 
          owasa 
          oxford 
          oxford junction 
          oyens 
          pacific junction 
          packwood 
          palmer 
          palo 
          panama 
          panora 
          panorama park 
          parkersburg 
          parnell 
          paton 
          patterson 
          paullina 
          pella 
          peosta 
          perry 
          persia 
          peterson 
          pierson 
          pilot mound 
          pioneer 
          pisgah 
          plainfield 
          plano 
          pleasant hill 
          pleasant plain 
          pleasanton 
          pleasantville 
          plover 
          plymouth 
          pocahontas 
          polk city 
          pomeroy 
          popejoy 
          portsmouth 
          postville 
          prairie city 
          prairieburg 
          prescott 
          preston 
          primghar 
          princeton 
          promise city 
          protivin 
          pulaski 
          quasqueton 
          quimby 
          radcliffe 
          rake 
          ralston 
          randalia 
          randall 
          randolph 
          rathbun 
          raymond 
          readlyn 
          reasnor 
          red oak 
          redding 
          redfield 
          reinbeck 
          rembrandt 
          remsen 
          renwick 
          rhodes 
          riceville 
          richland 
          rickardsville 
          ricketts 
          ridgeway 
          rinard 
          ringsted 
          rippey 
          riverdale 
          riverside 
          riverton 
          robins 
          rock falls 
          rock rapids 
          rock valley 
          rockford 
          rockwell 
          rockwell city 
          rodman 
          rodney 
          roland 
          rolfe 
          rome 
          rose hill 
          rossie 
          rowan 
          rowley 
          royal 
          rudd 
          runnells 
          russell 
          ruthven 
          rutland 
          ryan 
          sabula 
          sac city 
          sageville 
          saint donatus 
          salem 
          salix 
          sanborn 
          sandyville 
          scarville 
          schaller 
          schleswig 
          scranton 
          searsboro 
          sergeant bluff 
          seymour 
          shambaugh 
          shannon city 
          sharpsburg 
          sheffield 
          shelby 
          sheldahl 
          sheldon 
          shell rock 
          shellsburg 
          shenandoah 
          sherrill 
          shueyville 
          sibley 
          sidney 
          sigourney 
          silver city 
          sioux center 
          sioux city 
          sioux rapids 
          slater 
          sloan 
          smithland 
          soldier 
          solon 
          somers 
          south english 
          spencer 
          spillville 
          spirit lake 
          spragueville 
          spring hill 
          springbrook 
          springville 
          st. ansgar 
          st. anthony 
          st. charles 
          st. lucas 
          st. marys 
          st. olaf 
          st. paul 
          stacyville 
          stanhope 
          stanley 
          stanton 
          stanwood 
          state center 
          steamboat rock 
          stockport 
          stockton 
          storm lake 
          story city 
          stout 
          stratford 
          strawberry point 
          struble 
          stuart 
          sully 
          sumner 
          superior 
          sutherland 
          swaldale 
          swan 
          swea city 
          swisher 
          tabor 
          tama 
          templeton 
          tennant 
          terril 
          thayer 
          thompson 
          thor 
          thornburg 
          thornton 
          thurman 
          tiffin 
          tingley 
          tipton 
          titonka 
          toledo 
          toronto 
          traer 
          treynor 
          tripoli 
          truesdale 
          truro 
          turin 
          udell 
          underwood 
          union 
          unionville 
          university heights 
          university park 
          urbana 
          urbandale 
          ute 
          vail 
          valeria 
          van horne 
          van meter 
          van wert 
          varina 
          ventura 
          victor 
          villisca 
          vincent 
          vining 
          vinton 
          volga 
          wadena 
          wahpeton 
          walcott 
          walford 
          walker 
          wall lake 
          wallingford 
          walnut 
          wapello 
          washington 
          washta 
          waterloo 
          waterville 
          waucoma 
          waukee 
          waukon 
          waverly 
          wayland 
          webb 
          webster 
          webster city 
          weldon 
          wellman 
          wellsburg 
          welton 
          wesley 
          west bend 
          west branch 
          west burlington 
          west chester 
          west des moines 
          west liberty 
          west okoboji 
          west point 
          west union 
          westfield 
          westgate 
          westphalia 
          westside 
          westwood 
          what cheer 
          wheatland 
          whiting 
          whittemore 
          whitten 
          willey 
          williams 
          williamsburg 
          williamson 
          wilton 
          windsor heights 
          winfield 
          winterset 
          winthrop 
          wiota 
          woden 
          woodbine 
          woodburn 
          woodward 
          woolstock 
          worthington 
          wyoming 
          yale 
          yetter 
          yorktown 
          zearing 
          zwingle 
        





search by usgs quadrangle name:


abingdon 
          ackley 
          ackley ne 
          adair north 
          adair south 
          adams (mn) 
          adel 
          adel nw 
          adrian sw (mn) 
          afton 
          agency 
          ainsworth 
          akron 
          akron (mo) 
          albaton 
          albert city 
          albia 
          alcester (sd) 
          alcester ne (sd) 
          alcester nw (sd) 
          alcester se (sd) 
          aledo west (il) 
          alexander 
          algona 
          allendale (mo) 
          allerton 
          allison 
          alloway creek 
          alpha 
          alta 
          alton 
          altoona 
          alvord 
          amana 
          ames east 
          ames nw 
          ames west 
          amish 
          anamosa 
          anamosa ne 
          andalusia (il) 
          andover 
          andrew 
          anita 
          anita sw 
          anson (mo) 
          aplington 
          arbela (mo) 
          arbor hill 
          arcadia 
          argyle 
          arispe 
          arlington 
          armstrong 
          armstrong se 
          ash creek (mn) 
          ashton 
          atalissa 
          atlantic 
          atlantic sw 
          attica 
          auburn (ne) 
          audubon 
          aurelia 
          aureola 
          avery 
          avoca 
          avoca nw 
          avoca se 
          ayrshire 
          azen (mo) 
          bagley 
          bagley nw 
          baldwin 
          balltown 
          bancroft 
          barnes city 
          bassett 
          battle creek 
          baxter 
          baxter se 
          bayard 
          bedford 
          bedford sw (mo) 
          beebeetown 
          beech 
          beetown (wi) 
          belle plaine 
          belle plaine sw 
          bellevue 
          belmond 
          bennett 
          benton 
          berkley 
          bernard 
          bertha (ne) 
          bertram 
          bigelow (mn) 
          bingham 
          blackhawk (il) 
          blair (ne) 
          blairsburg 
          blairstown 
          blakesburg 
          blakesburg ne 
          blanchard 
          blanchard island (il) 
          blencoe 
          blockton 
          blockton se (mo) 
          bloomfield north 
          bloomfield south 
          bloomington (wi) 
          bluffton 
          bode 
          bonaparte 
          boone east 
          boone west 
          boxholm 
          boyden 
          boyer 
          bradgate 
          brandon 
          brandon (sd) 
          breda 
          bremer 
          bricelyn (mn) 
          bridgeport (wi) 
          bridgewater 
          brighton 
          bristol 
          britt 
          brock (mo) 
          brodtville (wi) 
          brooklyn 
          brooklyn (mo) 
          brooks 
          brookville 
          brunsville 
          buckeye east 
          buckeye west 
          buckingham 
          buffalo center 
          buffalo center ne 
          buffalo center sw 
          buffalo prairie (il) 
          bunker hill (mo) 
          burbank (sd) 
          burchinal 
          burlington 
          burlington junction (mo) 
          burnside (il) 
          burr oak 
          burt 
          butler center 
          buxton 
          cainsville (mo) 
          cairo 
          calmar 
          camanche 
          canby 
          canton 
          canton (mn) 
          canton (sd) 
          canton sw (sd) 
          cantril 
          carbon 
          carpenter 
          carroll east 
          carroll ne 
          carroll west 
          carson 
          carson ne 
          carthage west (il) 
          cascade 
          casey 
          cassville (wi) 
          castalia 
          castana 
          cedar bluff 
          cedar creek (ne) 
          cedar falls 
          cedar rapids north 
          cedar rapids south 
          center point 
          center point nw 
          center point sw 
          centerville east 
          centerville west 
          central city 
          ceylon (mn) 
          chariton 
          charles city 
          charter oak 
          chatsworth 
          chelsea 
          cheney 
          cherokee north 
          cherokee south 
          cherry grove (mn) 
          chillicothe 
          church 
          churdan 
          clare 
          clarence 
          clarinda north 
          clarinda south 
          clarion 
          clarion sw 
          clarksville 
          clayton 
          clear lake east 
          clear lake west 
          clearfield 
          clearmont (mo) 
          cleghorn 
          cleopatra (mo) 
          climbing hill 
          clinton 
          clinton nw 
          clio 
          cloverdale 
          clutier 
          coal valley (il) 
          coatsville (mo) 
          coburg 
          coggon 
          coin 
          colesburg 
          colfax 
          collins 
          colo 
          columbus junction 
          colusa (il) 
          colwell 
          commerce 
          confidence 
          conger (mn) 
          conrad east 
          conrad west 
          conroy 
          conway 
          coon rapids ne 
          coon rapids north 
          coon rapids south 
          cooper 
          cordova (il) 
          corley 
          cornelia 
          corning north 
          corning south 
          correctionville 
          correctionville nw 
          correctionville se 
          corwith 
          corydon 
          corydon ne 
          coster 
          cotter 
          coulter 
          council bluffs north 
          council bluffs south 
          craig (ne) 
          crawfordsville 
          cresco ne 
          cresco nw 
          cresco se 
          cresco sw 
          creston east 
          creston west 
          croton 
          crystal lake 
          cuba city (wi) 
          cumming 
          cushing 
          cylinder 
          dallas center 
          dallas city (il) 
          danbury 
          danville 
          davenport east 
          davenport west 
          davis city 
          dawson 
          de soto (wi) 
          de witt 
          decorah 
          dedham 
          deep river 
          defiance 
          delmar north 
          delmar south 
          delta 
          denison 
          denison sw 
          denver 
          depew 
          derby 
          des moines ne 
          des moines nw 
          des moines se 
          des moines sw 
          dewey 
          diagonal 
          dickens 
          dickeyville (wi) 
          dike 
          dixon 
          dolliver 
          donahue 
          donnellson 
          doon 
          dorchester 
          douds 
          dougherty 
          dow city 
          downing (mo) 
          downing nw (mo) 
          dows east 
          dows west 
          dubuque north 
          dubuque south 
          dumont north 
          dumont south 
          duncan 
          duncombe 
          dundee 
          dunkerton 
          dunlap 
          dunlap ne 
          dunlap nw 
          dunlap sw 
          dunnell (mn) 
          durant 
          dyersville east 
          dyersville west 
          dysart 
          eagle center 
          eagle grove 
          eagle grove sw 
          eagleville (mo) 
          earlham east 
          earlham west 
          earling 
          earling ne 
          earlville 
          early 
          east chain (mn) 
          east peru 
          eastman (wi) 
          eddyville 
          edgewood 
          edna 
          eitzen (mn) 
          elberon 
          eldon 
          eldora 
          eldridge 
          elgin 
          eliza (il) 
          elizabeth (il) 
          elk horn 
          elk point (sd) 
          elk point ne 
          elkader 
          elkhart 
          ellston 
          ellsworth 
          ellsworth (mn) 
          elma 
          elmore (mn) 
          elwood 
          ely 
          emerson 
          emerson se (ne) 
          emmetsburg 
          emmons (mn) 
          epworth 
          erie nw (il) 
          estherville 
          evanston 
          everly 
          exira east 
          exira west 
          fairbank 
          fairfax 
          fairfield north 
          fairfield south 
          fairview (sd) 
          farmers city (mo) 
          farmersburg 
          farmington 
          farnhamville 
          farragut 
          farson 
          fayette 
          fenton 
          ferryville (wi) 
          fertile 
          fertile ne 
          fertile se 
          festina 
          fielding 
          fillmore 
          floris 
          floyd 
          fonda 
          fonda ne 
          fontanelle 
          fontanelle sw 
          forest city 
          fort atkinson 
          fort calhoun (ne) 
          fort dodge north 
          fort dodge south 
          fort madison 
          frankville 
          fraser 
          fredericksburg 
          frederika 
          freeport 
          fremont 
          frost (mn) 
          fulton 
          galena (il) 
          galva 
          garber 
          garden grove 
          garden grove sw 
          gardner 
          garnavillo 
          garner 
          garrison 
          garwin 
          gaza 
          genoa (wi) 
          george east 
          george west 
          german valley 
          giard 
          gibson 
          gilbertville 
          gillett grove 
          gilman 
          gilmore city 
          gilmore city sw 
          gladbrook 
          gladbrook ne 
          gladbrook se 
          gladstone (il) 
          glenville (mn) 
          glenwood 
          glidden 
          goodell 
          goose lake 
          goshen (mo) 
          gowrie 
          graettinger east 
          graettinger west 
          grafton 
          grand junction 
          grand mound 
          grand river 
          granger 
          grant 
          grant city 
          grant city (mo) 
          granville east 
          granville west 
          gravity 
          gray 
          graysville (mo) 
          greeley 
          green island 
          green rock (il) 
          greene 
          greenfield 
          greenleafton (mn) 
          greenville 
          grimes 
          grinnell north 
          grinnell south 
          griswold 
          griswold ne 
          grundy center 
          gruver 
          gunder 
          guss 
          guthrie center east 
          guthrie center west 
          guttenberg 
          hamburg 
          hamilton (il) 
          hampton north 
          hampton south 
          hanford 
          hanover 
          hanover (il) 
          hansell 
          harcourt 
          hard scratch 
          hardy 
          harlan 
          harmony (mn) 
          harper 
          harpers ferry 
          harris 
          harrisburg (sd) 
          hartford 
          hartley 
          hartley sw 
          hartwick 
          harvey 
          hatfield (mo) 
          havelock 
          hawarden north 
          hawarden south 
          hawkeye 
          hawleyville 
          hayfield 
          hazleton 
          hedrick 
          herman (ne) 
          hiattsville 
          highlandville 
          hills 
          hills (mn) 
          hillsboro 
          hillsdale (il) 
          hinton 
          hiteman 
          hobarton 
          holbrook 
          holland 
          holmes 
          holstein 
          holstein sw 
          holy cross 
          homer (ne) 
          honey creek 
          hopeville 
          hopkins (mo) 
          hopkins sw (mo) 
          hopkinton east 
          hopkinton west 
          hornick 
          hospers 
          hubbard 
          hudson 
          hull 
          humboldt 
          humeston 
          hurricane (wi) 
          huxley 
          iconium 
          ida grove 
          ida grove nw 
          illinois city (il) 
          imogene 
          independence 
          indianola 
          ingham lake 
          inwood 
          ionia 
          iowa city east 
          iowa city west 
          iowa falls east 
          iowa falls west 
          ireton 
          ireton sw 
          irvington (ne) 
          irwin 
          ivester 
          jackson (mn) 
          jackson (ne) 
          jacksonville 
          james 
          jamison 
          jefferson (sd) 
          jefferson east 
          jefferson west 
          jerico 
          jesup 
          jewell 
          joy (il) 
          julian (ne) 
          kahoka (mo) 
          kahoka se (mo) 
          kalona 
          kanawha 
          kanawha se 
          keithsburg (il) 
          kellerton 
          kellogg 
          kennard (ne) 
          kent 
          keokuk 
          keosauqua 
          keota 
          keswick 
          keystone north 
          keystone south 
          kieler (wi) 
          kiester (mn) 
          killduff 
          kilwinning (mo) 
          kimballton 
          kingsley 
          kingsley nw 
          kingston 
          kinross 
          kirkville 
          kiron 
          klondike 
          knierim 
          knoxville 
          knoxville nw 
          knoxville sw 
          la moille 
          la motte 
          la porte city 
          lacelle 
          lacona 
          ladoga 
          ladora 
          lafayette 
          lake city 
          lake mills 
          lake park 
          lake park se 
          lake thunderhead (mo) 
          lake view 
          lakefield se (mn) 
          lakefield sw (mn) 
          lakeside 
          lakota 
          lamoni north 
          lamoni south 
          lamont 
          lancaster (mo) 
          lancaster (wi) 
          lanesboro 
          lansing 
          lanyon 
          larchwood 
          latimer 
          laurel 
          laurens 
          lawler 
          lawton 
          le grand 
          le mars 
          le roy 
          le roy (mn) 
          lebanon 
          ledyard 
          lehigh 
          leighton 
          leisure lake 
          lenox 
          leon 
          lester 
          letts 
          lewis 
          libertyville 
          lime city 
          lime springs 
          lime springs nw 
          lincoln 
          lineville 
          little cedar 
          little rock 
          little sioux 
          littleport 
          littleton 
          livermore 
          livonia (mo) 
          lockridge east 
          lockridge west 
          logan 
          lohrville 
          lomax (il) 
          london (mn) 
          lone rock 
          lone tree 
          lorimor north 
          lorimor south 
          loring 
          lost nation 
          lourdes 
          loveland 
          lovilia 
          lowden 
          lowell 
          lu verne 
          lucas 
          lucerne (mo) 
          luther 
          luton 
          lyle (mn) 
          lytton 
          mabel (mn) 
          mackey 
          macksburg 
          macy (ne) 
          madrid nw 
          malcom 
          mallard 
          malone 
          maloy 
          malvern 
          manchester 
          manilla 
          manly 
          manning 
          manning se 
          manson 
          mapleton 
          mapleton se 
          maquoketa 
          marcus 
          marengo 
          marion 
          marshalltown 
          martensdale 
          mason city 
          mason city se 
          masonville 
          massena 
          matherville (il) 
          matlock 
          maurice 
          maxwell 
          may city 
          maynard 
          mccallsburg 
          mccausland 
          mcclelland 
          mcelroy creek (mo) 
          mcintire 
          mcpaul 
          mechanicsville 
          mediapolis 
          medill (mo) 
          medora 
          melbourne 
          melcher 
          melrose 
          melvin 
          memphis (mo) 
          mendota (mo) 
          menlo 
          menominee (il) 
          merle junction 
          middle amana 
          milan (il) 
          miles 
          milford 
          miller 
          millersburg 
          millnerville 
          milo 
          milton 
          mineola 
          mingo 
          missouri valley 
          missouri valley nw 
          mitchellville 
          modale 
          mondamin 
          monona 
          monroe 
          montezuma 
          monticello 
          montour 
          montpelier 
          moorhead 
          moorhead nw 
          moorhead se 
          moorland 
          moravia 
          morley 
          morning sun 
          morton mills 
          moulton 
          mount ayr 
          mount pleasant 
          mount sterling 
          mount vernon 
          mount zion 
          moville 
          murray 
          murray (ne) 
          muscatine 
          muscatine nw 
          myrtle (mn) 
          mystic 
          nashua 
          nashua nw 
          nauvoo (il) 
          nebraska city (ne) 
          nebraska city nw (ne) 
          nehawka (ne) 
          neola 
          nevada 
          nevinville 
          new albin 
          new hampton 
          new hartford 
          new haven 
          new london 
          new market 
          new providence 
          new sharon 
          new vienna 
          new virginia 
          newbern 
          newburg 
          newell east 
          newell west 
          newhall 
          newton 
          newton (wi) 
          nichols 
          niota (il) 
          nora (sd) 
          nora springs 
          north branch 
          north english 
          northwood 
          norwalk 
          oakland 
          oakland acres 
          oakville 
          ocheyedan 
          odebolt east 
          odebolt west 
          oelwein 
          oelwein se 
          ogden 
          okoboji 
          olaf 
          ollie 
          olmitz 
          omaha (mo) 
          omaha north (ne) 
          omaha south (ne) 
          onawa 
          onawa sw 
          oquawka (il) 
          orange city 
          orchard 
          orient 
          osage 
          osage sw 
          osceola 
          oskaloosa 
          ostrander (mn) 
          otley 
          oto 
          ottumwa north 
          ottumwa south 
          owasa 
          oxford 
          oxford junction 
          oyens 
          pacific junction 
          palmer 
          panama 
          panora 
          panther 
          paris 
          parkersburg 
          parnell east (mo) 
          parnell west (mo) 
          paton 
          patterson 
          paul (ne) 
          paullina 
          pawnee (mo) 
          pekin 
          pella 
          peoria 
          peosta 
          perry 
          persia 
          peru (ne) 
          petersburg 
          peterson 
          peterson se 
          peterson sw 
          pickering (mo) 
          pierson 
          pilot grove (mn) 
          pilot knob 
          pisgah 
          pitzer 
          plainfield 
          plano 
          plattsmouth (ne) 
          pleasant grove 
          pleasant valley (il) 
          pleasanton 
          pleasantville 
          plessis 
          plover 
          pocahontas 
          polk city 
          pollock nw (mo) 
          pomeroy 
          ponca (ne) 
          popejoy 
          port byron (il) 
          portsmouth 
          postville 
          postville nw 
          potosi (wi) 
          powersville (mo) 
          prairie city 
          prairie du chien (wi) 
          prairie rose lake 
          prairieburg 
          prescott 
          preston 
          primghar 
          princeton (mo) 
          protivin 
          pulaski 
          quasqueton 
          queen city (mo) 
          quimby 
          quimby se 
          radcliffe 
          ralston (ne) 
          randolph 
          ravanna (mo) 
          readlyn 
          red oak north 
          red oak south 
          redfield 
          reinbeck 
          rembrandt 
          remsen 
          reno (mn) 
          renwick 
          retreat (wi) 
          reynolds (il) 
          rhodes 
          riceville 
          richard 
          richland 
          richland (sd) 
          ricketts 
          ridgeway 
          ringsted 
          rippey 
          rising sun 
          riverside 
          riverton 
          rochester 
          rock bluff (ne) 
          rock port (mo) 
          rock rapids 
          rock valley 
          rockford 
          rockwell city 
          rolfe 
          rose creek (mn) 
          rose hill 
          roseville 
          rosserdale 
          rossville 
          round lake (mn) 
          royal 
          rozetta (il) 
          rudd 
          runnells 
          rush lake east 
          rush lake west 
          rushmore (mn) 
          russell 
          ruthven 
          ryan 
          sac city east 
          sac city west 
          saint ansgar 
          saint charles 
          saint charles nw 
          saint john (mo) 
          saint joseph 
          saint lucas 
          saint olaf 
          salem 
          salina 
          salix 
          sanborn 
          saratoga 
          saude 
          savanna (il) 
          scales mound west (il) 
          schaller north 
          schaller south 
          schleswig 
          scotch grove 
          scotch ridge 
          scranton 
          searsboro 
          seaton (il) 
          selma 
          seneca 
          sergeant bluff 
          sexton 
          seymour east 
          seymour west 
          shannon city 
          sheffield 
          shelby 
          sheldon 
          sheldon creek 
          sheldon se 
          shell rock 
          shellsburg 
          shenandoah east 
          shenandoah west 
          sheridan 
          sheridan (mo) 
          sherrill 
          sibley east 
          sibley west 
          sidney 
          sigourney 
          silver lake 
          silvis (il) 
          sioux center 
          sioux city north 
          sioux city south 
          sioux falls east (sd) 
          sioux rapids 
          sioux rapids se 
          sioux valley (mn) 
          skidmore nw (mo) 
          slater 
          sloan 
          smithland 
          solon 
          south english 
          spencer 
          sperry 
          spirit lake 
          spirit lake se 
          spring grove (mn) 
          springbrook 
          springville 
          stacyville 
          stanhope 
          stanley 
          stanton 
          stanton sw 
          stanwood 
          state center 
          state center nw 
          steamboat rock 
          stockport 
          storm lake 
          storm lake ne 
          story city 
          stout 
          stratford 
          strawberry point 
          stronghurst (il) 
          stuart north 
          stuart south 
          sully 
          sumner 
          sumner sw 
          superior 
          sutherland east 
          sutherland west 
          sutter (il) 
          swaledale 
          swea city 
          swedesburg 
          swisher 
          tabor 
          tabor ne 
          tabor sw 
          tama 
          tarkio east (mo) 
          tarkio west (mo) 
          taylor 
          tekamah (ne) 
          tekamah nw (ne) 
          templeton 
          terril 
          thompson 
          thomson (il) 
          thor 
          thornton 
          thorpe 
          tiffin 
          tingley 
          tingley ne 
          tipton east 
          tipton west 
          titonka 
          toolesboro 
          traer 
          trenton 
          treynor 
          tripoli 
          tripoli nw 
          troy mills 
          truro 
          turkey river 
          underwood 
          union 
          union center 
          union center nw 
          union center se 
          union center sw 
          union grove (il) 
          union mills 
          unionville 
          unionville east (mo) 
          unionville west (mo) 
          unique 
          university park 
          ute 
          vail 
          vail ne 
          valley springs (sd) 
          van horne 
          van wert 
          varina 
          ventura heights 
          vermillion se (sd) 
          victor 
          villisca 
          vincent 
          vinje 
          vinton 
          viola center 
          volga 
          wacker (il) 
          wadena 
          walcott 
          wales 
          walker 
          wallin 
          wallingford 
          walnut 
          walthill (ne) 
          walthill sw (ne) 
          wapello 
          warsaw (il) 
          washington 
          washington center (mo) 
          washta 
          waterloo north 
          waterloo south 
          waterville 
          waucoma 
          waukee 
          waukon 
          waukon nw 
          waverly 
          wayland 
          wayland (mo) 
          webb 
          webster city 
          weldon 
          weller 
          wellman 
          wellsburg 
          wesley 
          west bend 
          west bend ne 
          west branch 
          west burlington 
          west chester 
          west grove 
          west liberty 
          west liberty sw 
          west point 
          west union 
          westboro (mo) 
          what cheer 
          wheatland 
          whittemore 
          wightman 
          wilbert (mn) 
          wilcox (mo) 
          williams 
          williamsburg 
          williamsburg nw 
          williamstown 
          wilmert lake (mn) 
          wilmington (mn) 
          wilton 
          winfield north 
          winfield south 
          winterset 
          winthrop 
          wiota 
          woden 
          woodbine 
          woodburn 
          woodland 
          woodward 
          woolstock 
          worthington south (mn) 
          wyaconda (mo) 
          wyoming east 
          wyoming west 
          yale 
          yetter 
          zaneta 
          zearing 
          zion 
          zwingle 
        










1999-2023 iowa state university geographic information systems support & research facility

