




lamar advertising | expand your reach with ooh advertising













































 
                    
                    set location
                













 
 use my location 





ad marketplace
design gallery


            contact us
        

 
contact us
login
   















tell the world your story




it’s easy. we offer free design services, dedicated support and nationwide coverage. search over 363,000 outdoor advertising displays across the u.s. and canada or browse our gallery of designs.













browse inventory
















your success is our priority








lamar offers complimentary design services for outdoor advertising campaigns.


browse design gallery

















see how modelo used glow in the dark billboards in a campaign celebrating the day of the dead.




 































made with love by talented designers 
 


                    choose industry
                

see all industries
retail
clothing & shoes
jewelry
cosmetics & personal care
department stores & malls
hardware & home improvement stores
office supplies
boating
eye care and optical centers
grocery & specialty market
electronic stores
carpet & flooring
pool & spa
toy & hobby stores
furniture stores & home decor
outdoor & sporting goods
appliances
florists
mattress stores
antiques, collectibles & specialty store
garden center & nurseries
gift, card & book stores
party & craft stores
pet stores & products
automotive
auto repair and shops
automotive dealers
car washes
gas stations
motorcycles & atvs
rv dealers
auto parts, accessories & tires
entertainment
sporting events & arenas
attractions & amusement parks
events, concerts & performing arts
tv shows and movies
gambling casino - no lottery
lottery
golf racket sports and country clubs
bars & night clubs
media
newspapers & magazines
radio stations
social media
tv stations
health
dentists
doctors & specialists
health products & medicine
hearing aids & medical equipment
hospitals, surgical centers & clinics
pharmacy
prevention & self-help
retirement & nursing homes
other
agriculture
public service
political
utility companies
parks & recreational programs
religious
non-profit organizations
museums
military
federal business (non-military)
local government services
food & drink
bakery, ice cream and coffee shops
beer & wine
beverages (non-alcoholic)
casual dining
fast food
liquor & cordials
fine dining
goods & services
ad agency
architects, contractors, engineers
audio visual
banking & financial services
cable, sateillite & internet providers
cannabis
childcare
cleaners
commercial construction
educational seminars
employment and recruiting
funeral homes & services
gym & fitness
heating & cooling
home builders & remodelers
industrial manufacturing
insurance
landscaping & lawn services
legal services
machinery
mobile homes and parks
mobile phones & devices
oil & gas production
packaged goods
pest control
photographers
plumbing
real estate
safety products & services
salons & spas
schools & libraries
shipping & delivery services
tattoo and piercing
tax services
technology services
tobacco & smokeless
veterinary, pet care and boarding
travel & transportation
airlines & cruises
car rental & taxi
commercial trucking & logistics
hotels & resorts
public transportation
tourism




inspiration coming soon! check back later for more content.




 
load more













find an office





display offices





clear





filter products



products
deselect all




 bulletin
                    


 poster
                    


 digital
                    


 junior poster
                    


 bench
                    


 station
                    




 shelter
                    


 bus
                    


 rail
                    


 airport
                    


 wallscape
                    




apply filters




united states


north carolina

asheville |
                            asheville

wilmington |
                            wilmington

granite falls |
                            charlotte

rocky mount |
                            raleigh-durham

greensboro |
                            greensboro




georgia

peachtree corners |
                            atlanta

augusta |
                            augusta

brunswick |
                            brunswick

kingsland-st. marys |
                            kingsland-st. marys

macon |
                            macon

rome |
                            rome

hinesville |
                            hinesville-fort stewart

richmond hill |
                            savannah

savannah |
                            savannah

bainbridge |
                            bainbridge

cairo |
                            cairo

thomasville |
                            thomasville

athens |
                            athens

valdosta |
                            valdosta




west virginia

princeton |
                            bluefield-beckley

bridgeport |
                            bridgeport, wv

kenova |
                            huntington-charleston

wheeling |
                            wheeling




south carolina

columbia |
                            columbia, sc

myrtle beach |
                            myrtle beach

greenville-spartanburg |
                            greenville-spartanburg




florida

daytona beach |
                            daytona beach

fort myers |
                            fort myers

clearwater |
                            lakeland

lakeland |
                            lakeland

palm harbor |
                            lakeland

st. petersburg |
                            lakeland

tampa |
                            lakeland

winter haven |
                            lakeland

ocala |
                            ocala

panama city |
                            panama city

pensacola |
                            pensacola-fort walton-destin

carrabelle |
                            carrabelle

havana |
                            havana

monticello |
                            monticello

perry |
                            perry

quincy |
                            quincy

tallahassee |
                            tallahassee

wakulla |
                            wakulla

west palm beach |
                            palm beach

orlando |
                            orlando

south florida |
                            miami

south florida |
                            ft. lauderdale




tennessee

cookeville |
                            cookeville

jamestown |
                            jamestown

knoxville |
                            knoxville

mcminnville |
                            mcminnville

chattanooga |
                            chattanooga

tri-cities |
                            tri-cities

clarksville |
                            clarksville

jackson |
                            jackson, tn

nashville |
                            nashville

memphis |
                            memphis




virginia

richmond |
                            richmond

roanoke |
                            roanoke-lynchburg




louisiana

alexandria |
                            alexandria

baton rouge |
                            baton rouge

houma |
                            houma

lafayette |
                            lafayette

lake charles |
                            lake charles-southwest louisiana

monroe |
                            monroe

new orleans |
                            new orleans

shreveport |
                            shreveport-bossier city

hammond |
                            hammond-northshore




alabama

birmingham |
                            birmingham

gadsden |
                            gadsden

huntsville |
                            huntsville

mobile |
                            mobile-gulf shores

auburn-opelika |
                            auburn-opelika

montgomery |
                            montgomery

tuscaloosa |
                            tuscaloosa




mississippi

columbus |
                            columbus, ms

corinth |
                            corinth, ms

greenville |
                            greenville

hattiesburg |
                            hattiesburg

laurel |
                            hattiesburg

pearl |
                            jackson, ms

meridian |
                            meridian

biloxi |
                            mississippi gulf coast

gulfport |
                            mississippi gulf coast




iowa

cedar rapids |
                            cedar rapids-waterloo

dubuque |
                            dubuque

carbon cliff |
                            quad cities

council bluffs |
                            omaha

urbandale |
                            des moines




wisconsin

marshfield |
                            central wisconsin

de pere |
                            green bay

madison |
                            madison-janesville-beloit

milwaukee |
                            milwaukee

sheboygan |
                            sheboygan

la crosse |
                            la crosse




illinois

chicago |
                            chicago

springfield |
                            springfield-decatur, il

rockford |
                            rockford-freeport




missouri

osage beach |
                            columbia-jefferson city

joplin |
                            joplin

kansas city |
                            kansas city

springfield |
                            springfield

st. louis |
                            st. louis-east missouri




michigan

westland |
                            detroit

gladstone |
                            escanaba

muskegon |
                            muskegon

freeland |
                            saginaw-port huron

traverse city |
                            traverse city




minnesota

proctor |
                            duluth-superior

alexandria |
                            alexandria

fairmont |
                            fairmont

hutchinson |
                            hutchinson

litchfield |
                            litchfield

mankato |
                            minnesota-st. cloud

new ulm |
                            new ulm

sauk rapids |
                            st. cloud

willmar |
                            willmar




indiana

evansville |
                            evansville

indianapolis |
                            indianapolis

crown point |
                            northwest indiana

fort wayne |
                            northeast indiana

south bend |
                            northeast indiana




kentucky

paducah |
                            paducah

lexington |
                            lexington

louisville |
                            louisville

bowling green |
                            bowling green

hagerhill |
                            eastern kentucky




ohio

toledo |
                            toledo-northwest ohio

cincinnati |
                            cincinnati

columbus |
                            columbus, oh

mansfield |
                            mansfield

dayton |
                            dayton

st. clairsville |
                            wheeling

girard |
                            youngstown

parma |
                            cleveland-akron-canton




massachusetts

berkshires |
                            berkshires

springfield-holyoke |
                            springfield-holyoke

boston |
                            boston-worcester, ma




new york

albany |
                            albany

buffalo |
                            buffalo

new york |
                            new york city-new jersey

rochester |
                            rochester

hudson valley |
                            hudson valley

middletown  |
                            middletown 

new paltz |
                            new paltz

newburgh |
                            newburgh

thompson |
                            thompson

northern tier |
                            northern tier

oswego |
                            oswego

syracuse |
                            syracuse

watertown |
                            watertown




pennsylvania

allentown |
                            allentown-lehigh valley

duncansville |
                            altoona-johnstown

erie |
                            erie

lemoyne |
                            harrisburg

dubois |
                            dubois

pittsburgh |
                            pittsburgh

reading |
                            reading

pottsville |
                            pottsville

scranton |
                            scranton-wilkes barre

stroudsburg |
                            stroudsburg

williamsport |
                            williamsport

york |
                            york-lancaster

king of prussia |
                            king of prussia

philadelphia |
                            philadelphia




connecticut

fairfield |
                            fairfield

hartford-new haven |
                            hartford-new haven




new jersey

jersey city |
                            jersey city

newark |
                            newark

paterson |
                            paterson

secaucus |
                            secaucus

atlantic city |
                            atlantic city

camden |
                            camden-cherry hill

trenton |
                            trenton




rhode island

east providence |
                            providence




maryland

carroll county |
                            carroll county

harford county |
                            harford county

cecil county |
                            cecil county

kent county |
                            kent county




idaho

boise |
                            boise




wyoming

casper |
                            wyoming-western nebraska

cheyenne |
                            wyoming-western nebraska




nebraska

lincoln |
                            lincoln-central nebraska

omaha |
                            omaha




montana

billings |
                            montana




oregon

portland |
                            portland

salem |
                            salem, or

eugene |
                            eugene




washington

tukwila |
                            tukwila

auburn |
                            auburn

bellevue |
                            bellevue

bellingham |
                            bellingham

bothell |
                            bothell

bremerton |
                            bremerton

burien |
                            burien

everett |
                            everett

federal way |
                            federal way

kent |
                            kent

longview |
                            longview

olympia |
                            olympia

puyallup |
                            puyallup

seattle |
                            seattle-tacoma

shoreline |
                            shoreline

tacoma |
                            tacoma

spokane |
                            spokane

yakima |
                            yakima-wenatchee




kansas

topeka |
                            topeka

wichita |
                            wichita




texas

abilene |
                            abilene

amarillo |
                            amarillo

austin |
                            austin-san antonio-central texas

beaumont |
                            beaumont

mcallen |
                            mcallen (mfe) international airport

san benito |
                            brownsville-rio grande valley

brownwood |
                            brownwood

bryan |
                            bryan-college station

corpus christi |
                            corpus christi

arlington |
                            dallas-fort worth

laredo |
                            laredo

wolfforth |
                            lubbock

midland |
                            midland-odessa

san angelo |
                            san angelo

temple |
                            temple

nacogdoches |
                            nacogdoches

tyler |
                            tyler-longview

victoria |
                            victoria




arkansas

little rock |
                            little rock

jonesboro |
                            northeast arkansas

fayetteville |
                            northwest arkansas

fort smith |
                            fort smith




oklahoma

oklahoma city |
                            oklahoma city

broken arrow |
                            broken arrow

owasso |
                            owasso

tulsa |
                            tulsa




arizona

tucson |
                            tucson

bullhead city |
                            laughlin-bullhead

casa grande |
                            casa grande

glendale |
                            glendale

mesa |
                            mesa

phoenix |
                            phoenix

tempe |
                            tempe

yuma |
                            yuma-el centro




california

alameda county |
                            alameda county

contra costa county |
                            contra costa county

fairfield |
                            fairfield

marin county |
                            marin county

napa |
                            napa

oakland |
                            oakland

san francisco |
                            san francisco-bay area

san mateo |
                            san mateo

vacaville |
                            vacaville

sacramento |
                            sacramento

bakersfield |
                            bakersfield

lancaster |
                            lancaster, ca

los angeles |
                            los angeles

palm desert |
                            palm springs

san bernardino |
                            san bernardino-riverside

san diego |
                            san diego

san joaquin valley |
                            san joaquin valley

fresno |
                            fresno

chico, ca |
                            northern california




utah

salt lake city |
                            salt lake city




colorado

colorado springs |
                            colorado springs-pueblo

boulder-longmont |
                            boulder-longmont

denver |
                            denver

fort collins |
                            fort collins

loveland-greeley |
                            loveland-greeley




nevada

las vegas |
                            las vegas

elko |
                            elko

carson city |
                            reno-lake tahoe

reno |
                            reno-lake tahoe




new mexico

albuquerque |
                            new mexico-el paso




delaware

wilmington |
                            wilmington




south dakota

south dakota |
                            south dakota






canada


british columbia

kelowna |
                            british columbia

vancouver |
                            british columbia

victoria |
                            british columbia




ontario

durham |
                            durham

kingston |
                            kingston

london |
                            london

niagara |
                            niagara

ontario |
                            ontario







there are no locations




































products
billboards
digital
wallscapes
airport
transit
programmatic


advertising resources
design gallery
design tips
research
office locations
contact us


about us
news
careers
lease your land
giving back


investors
financial reports
governance
financial news & events
corporate responsibility


subscribe to newsletter
sign up




© 2025 lamar advertising company

privacy policy
terms of use
sitemap





 


newsletter sign up
 


























