











new york yellow pages | ny yellow pages | allpages.com



 

































new york yellow pages
 new york yellow pages




 



  
a

 
 accord, ny
 (82)
  acra, ny
 (21)
  adams, ny
 (137)
  adams basin, ny
 (4)
  adams center, ny
 (56)
  addison, ny
 (162)
  addison town, ny
 (1)
  adirondack, ny
 (8)
  afton, ny
 (113)
  airmont, ny
 (309)
  akron, ny
 (221)
  akwesasne, ny
 (1)
  alabama, ny
 (1)
  albany, ny
 (8478)
  albertson, ny
 (308)
  albion, ny
 (381)
  alcove, ny
 (6)
  alden, ny
 (249)
  alder creek, ny
 (9)
  alexander, ny
 (27)
  alexandria bay, ny
 (181)
  alfred, ny
 (267)
  alfred station, ny
 (34)
  allegany, ny
 (141)
  allentown, ny
 (8)
  alma, ny
 (2)
  almond, ny
 (31)
  alpine, ny
 (30)
  
 
 alplaus, ny
 (17)
  altamont, ny
 (240)
  altmar, ny
 (29)
  alton, ny
 (4)
  altona, ny
 (32)
  amagansett, ny
 (249)
  amawalk, ny
 (23)
  ambler, ny
 (1)
  amboy, ny
 (1)
  amenia, ny
 (152)
  ames, ny
 (1)
  amherst, ny
 (176)
  amityville, ny
 (1212)
  amsterdam, ny
 (1095)
  ancram, ny
 (45)
  ancramdale, ny
 (27)
  andes, ny
 (89)
  andover, ny
 (67)
  angelica, ny
 (48)
  angola, ny
 (182)
  annandale on hudson, ny
 (5)
  antwerp, ny
 (26)
  apalachin, ny
 (128)
  appleton, ny
 (18)
  apulia station, ny
 (3)
  aquebogue, ny
 (46)
  arcade, ny
 (230)
  arden, ny
 (4)
  
 
 ardsley, ny
 (353)
  ardsley on hudson, ny
 (6)
  argyle, ny
 (64)
  arkport, ny
 (71)
  arkville, ny
 (80)
  armonk, ny
 (584)
  arverne, ny
 (111)
  ashford, ny
 (1)
  ashland, ny
 (15)
  ashville, ny
 (93)
  astoria, ny
 (4617)
  athens, ny
 (70)
  athol, ny
 (16)
  athol springs, ny
 (5)
  atlanta, ny
 (25)
  atlantic beach, ny
 (92)
  attica, ny
 (150)
  au sable forks, ny
 (70)
  auburn, ny
 (1573)
  auriesville, ny
 (2)
  aurora, ny
 (80)
  ausable forks, ny
 (1)
  austerlitz, ny
 (29)
  ava, ny
 (11)
  averill park, ny
 (122)
  avoca, ny
 (56)
  avon, ny
 (275)
  

 
b

 
 babylon, ny
 (861)
  bainbridge, ny
 (155)
  baker mills, ny
 (1)
  bakers mills, ny
 (5)
  baldwin, ny
 (714)
  baldwin place, ny
 (62)
  baldwinsville, ny
 (696)
  ballston lake, ny
 (194)
  ballston spa, ny
 (942)
  ballston spa malta, ny
 (1)
  baltimore, ny
 (1)
  bangall, ny
 (5)
  bardonia, ny
 (28)
  barker, ny
 (45)
  barneveld, ny
 (113)
  barrington, ny
 (1)
  barrytown, ny
 (6)
  barryville, ny
 (51)
  barton, ny
 (14)
  basom, ny
 (30)
  batavia, ny
 (1105)
  bath, ny
 (518)
  bay shore, ny
 (2454)
  bayport, ny
 (301)
  bayside, ny
 (1549)
  bayside hills, ny
 (42)
  bayside plains, ny
 (1)
  bayville, ny
 (163)
  beacon, ny
 (665)
  bear mountain, ny
 (16)
  bearsville, ny
 (30)
  beaver dams, ny
 (36)
  beaver falls, ny
 (18)
  beaver river, ny
 (1)
  bedford, ny
 (247)
  bedford corners, ny
 (3)
  bedford hills, ny
 (535)
  belfast, ny
 (48)
  belle harbor, ny
 (2)
  bellerose, ny
 (358)
  bellerose village, ny
 (1)
  belleville, ny
 (26)
  bellmore, ny
 (925)
  bellona, ny
 (8)
  bellport, ny
 (369)
  bellvale, ny
 (4)
  belmont, ny
 (98)
  
 
 bemus point, ny
 (116)
  benton, ny
 (2)
  bergen, ny
 (100)
  berkshire, ny
 (26)
  berlin, ny
 (36)
  berne, ny
 (35)
  bernhards bay, ny
 (24)
  bethel, ny
 (23)
  bethpage, ny
 (894)
  bible school park, ny
 (2)
  big flats, ny
 (95)
  big indian, ny
 (17)
  billings, ny
 (5)
  binghamton, ny
 (2865)
  black brook, ny
 (1)
  black creek, ny
 (5)
  black river, ny
 (59)
  blairtown, ny
 (2)
  blasdell, ny
 (27)
  blauvelt, ny
 (258)
  bliss, ny
 (32)
  blodgett mills, ny
 (2)
  bloomfield, ny
 (165)
  blooming grove, ny
 (27)
  bloomingburg, ny
 (117)
  bloomingdale, ny
 (18)
  bloomington, ny
 (6)
  bloomville, ny
 (12)
  blossvale, ny
 (45)
  blrs, ny
 (1)
  blue mountain lake, ny
 (28)
  blue point, ny
 (156)
  bohemia, ny
 (1919)
  boiceville, ny
 (36)
  bolivar, ny
 (69)
  bolton, ny
 (1)
  bolton landing, ny
 (140)
  bombay, ny
 (21)
  boonville, ny
 (238)
  boston, ny
 (75)
  bouckville, ny
 (30)
  bovina, ny
 (12)
  bovina center, ny
 (27)
  bowmansville, ny
 (55)
  boynton beach, ny
 (2)
  bradford, ny
 (12)
  brainard, ny
 (3)
  
 
 brainardsville, ny
 (5)
  branchburg, ny
 (1)
  branchport, ny
 (32)
  brant, ny
 (9)
  brant lake, ny
 (41)
  brantingham, ny
 (8)
  brasher falls, ny
 (48)
  breesport, ny
 (15)
  breezy point, ny
 (40)
  brentwood, ny
 (1107)
  brewerton, ny
 (176)
  brewster, ny
 (1107)
  briarcliff, ny
 (3)
  briarcliff manor, ny
 (511)
  brick, ny
 (1)
  bridewater, ny
 (1)
  bridgehampton, ny
 (321)
  bridgeport, ny
 (70)
  bridgewater, ny
 (19)
  brier hill, ny
 (8)
  brighton, ny
 (1)
  brightwaters, ny
 (115)
  broad channel, ny
 (43)
  broadalbin, ny
 (130)
  brockport, ny
 (541)
  brocton, ny
 (60)
  bronx, ny
 (31592)
  bronxville, ny
 (673)
  brookfield, ny
 (24)
  brookhaven, ny
 (144)
  brooklyn, ny
 (73045)
  brooklyn heights, ny
 (1)
  brooktondale, ny
 (34)
  brownville, ny
 (29)
  brushton, ny
 (39)
  buchanan, ny
 (132)
  buffalo, ny
 (17962)
  bullville, ny
 (18)
  burdett, ny
 (56)
  burke, ny
 (25)
  burlingham, ny
 (5)
  burlington flats, ny
 (15)
  burnt hills, ny
 (157)
  burt, ny
 (32)
  buskirk, ny
 (5)
  byron, ny
 (33)
  

 
c

 
 cadyville, ny
 (21)
  cairo, ny
 (155)
  calcium, ny
 (20)
  caledonia, ny
 (138)
  callicoon, ny
 (92)
  callicoon center, ny
 (7)
  calverton, ny
 (252)
  cambria, ny
 (2)
  cambria heights, ny
 (227)
  cambridge, ny
 (184)
  camden, ny
 (174)
  cameron, ny
 (5)
  cameron mills, ny
 (8)
  camillus, ny
 (465)
  campbell, ny
 (49)
  campbell hall, ny
 (88)
  canaan, ny
 (64)
  canajoharie, ny
 (133)
  canandaigua, ny
 (1247)
  canaseraga, ny
 (31)
  canastota, ny
 (298)
  candor, ny
 (78)
  caneadea, ny
 (13)
  canisteo, ny
 (81)
  canton, ny
 (427)
  cape vincent, ny
 (107)
  capital district, ny
 (1)
  carle place, ny
 (629)
  carlisle, ny
 (8)
  carmel, ny
 (797)
  caroga lake, ny
 (30)
  caroga township, ny
 (3)
  caroline, ny
 (2)
  carthage, ny
 (257)
  cassadaga, ny
 (63)
  cassville, ny
 (13)
  castile, ny
 (61)
  castle creek, ny
 (15)
  castle point, ny
 (4)
  castleton, ny
 (1)
  castleton on hudson, ny
 (255)
  castorland, ny
 (27)
  cato, ny
 (90)
  catskill, ny
 (512)
  cattaraugus, ny
 (58)
  cayuga, ny
 (22)
  cayuta, ny
 (28)
  cazenovia, ny
 (329)
  cedarhurst, ny
 (794)
  celoron, ny
 (17)
  cementon, ny
 (2)
  center moriches, ny
 (484)
  centereach, ny
 (640)
  centerport, ny
 (162)
  centerville, ny
 (16)
  central bridge, ny
 (27)
  central islip, ny
 (786)
  central square, ny
 (302)
  central valley, ny
 (403)
  ceres, ny
 (4)
  chadwicks, ny
 (40)
  chaffee, ny
 (80)
  champlain, ny
 (166)
  chantilly, ny
 (1)
  
 
 chappaqua, ny
 (388)
  charleston, ny
 (2)
  charlotteville, ny
 (7)
  chase mills, ny
 (7)
  chateaugay, ny
 (79)
  chatham, ny
 (363)
  chaumont, ny
 (65)
  chautauqua, ny
 (102)
  chazy, ny
 (91)
  cheektowaga, ny
 (210)
  chelsea, ny
 (6)
  chemung, ny
 (27)
  chenango, ny
 (2)
  chenango bridge, ny
 (37)
  chenango forks, ny
 (29)
  cherry creek, ny
 (39)
  cherry plain, ny
 (3)
  cherry valley, ny
 (64)
  chester, ny
 (375)
  chestertown, ny
 (146)
  chestnut ridge, ny
 (5)
  chichester, ny
 (3)
  childwold, ny
 (7)
  chippewa bay, ny
 (3)
  chittenango, ny
 (230)
  churchville, ny
 (136)
  churubusco, ny
 (19)
  cicero, ny
 (597)
  cincinnatus, ny
 (57)
  circleville, ny
 (42)
  clarence, ny
 (355)
  clarence center, ny
 (155)
  clarendon, ny
 (3)
  clark mills, ny
 (15)
  clarkson, ny
 (4)
  clarksville, ny
 (14)
  claryville, ny
 (20)
  claverack, ny
 (48)
  clay, ny
 (216)
  clayton, ny
 (221)
  clayville, ny
 (25)
  clemons, ny
 (6)
  cleveland, ny
 (33)
  cleverdale, ny
 (8)
  clifton, ny
 (5)
  clifton park, ny
 (1713)
  clifton springs, ny
 (196)
  climax, ny
 (14)
  clinton, ny
 (332)
  clinton corners, ny
 (51)
  clintondale, ny
 (33)
  clockville, ny
 (1)
  clos, ny
 (1)
  clyde, ny
 (109)
  clymer, ny
 (97)
  cobleskill, ny
 (385)
  cochecton, ny
 (34)
  cochecton center, ny
 (2)
  coeymans, ny
 (63)
  coeymans hollow, ny
 (10)
  cohocton, ny
 (36)
  cohoes, ny
 (457)
  colchester, ny
 (1)
  
 
 cold brook, ny
 (39)
  cold spring, ny
 (352)
  cold spring harbor, ny
 (146)
  colden, ny
 (43)
  college point, ny
 (759)
  colliersville, ny
 (7)
  collins, ny
 (38)
  collins center, ny
 (2)
  colonie, ny
 (39)
  colton, ny
 (20)
  columbiaville, ny
 (6)
  columbus, ny
 (2)
  commack, ny
 (1545)
  comstock, ny
 (9)
  conesus, ny
 (34)
  conewango valley, ny
 (22)
  congers, ny
 (423)
  conklin, ny
 (85)
  connelly, ny
 (6)
  constable, ny
 (40)
  constableville, ny
 (31)
  constantia, ny
 (48)
  cooks falls, ny
 (1)
  coopers plains, ny
 (6)
  cooperstown, ny
 (495)
  copake, ny
 (115)
  copake falls, ny
 (18)
  copenhagen, ny
 (39)
  copiague, ny
 (737)
  coram, ny
 (622)
  corbettsville, ny
 (2)
  corfu, ny
 (113)
  corinth, ny
 (147)
  corning, ny
 (728)
  cornwall, ny
 (214)
  cornwall on hudson, ny
 (82)
  cornwallville, ny
 (10)
  corona, ny
 (1727)
  cortland, ny
 (1142)
  cortlandt manor, ny
 (517)
  cossayuna, ny
 (5)
  cottekill, ny
 (7)
  cottons, ny
 (1)
  coventry, ny
 (1)
  cowlesville, ny
 (19)
  coxsackie, ny
 (177)
  cragsmoor, ny
 (9)
  cranberry lake, ny
 (18)
  cranford, ny
 (1)
  craryville, ny
 (44)
  crawford, ny
 (1)
  crittenden, ny
 (4)
  croghan, ny
 (63)
  crompond, ny
 (9)
  cropseyville, ny
 (41)
  cross river, ny
 (93)
  croton falls, ny
 (45)
  croton on hudson, ny
 (521)
  crown point, ny
 (84)
  cuba, ny
 (139)
  cuddebackville, ny
 (24)
  cutchogue, ny
 (240)
  cuyler, ny
 (6)
  

 
d

 
 dale, ny
 (5)
  dalton, ny
 (20)
  dannemora, ny
 (29)
  dansville, ny
 (378)
  darien center, ny
 (43)
  davenport, ny
 (27)
  davenport center, ny
 (8)
  dayton, ny
 (5)
  de kalb junction, ny
 (42)
  de peyster, ny
 (2)
  de ruyter, ny
 (57)
  de witt, ny
 (6)
  deansboro, ny
 (31)
  deer park, ny
 (2106)
  deer river, ny
 (1)
  deerfield, ny
 (2)
  deerpark township, ny
 (3)
  
 
 deferiet, ny
 (6)
  delancey, ny
 (16)
  delanson, ny
 (47)
  delevan, ny
 (67)
  delhi, ny
 (383)
  delmar, ny
 (484)
  delphi falls, ny
 (3)
  denmark, ny
 (4)
  denver, ny
 (18)
  depauville, ny
 (11)
  depew, ny
 (878)
  deposit, ny
 (224)
  derby, ny
 (138)
  dering harbor, ny
 (1)
  dewittville, ny
 (25)
  dexter, ny
 (59)
  diamond point, ny
 (38)
  
 
 dickinson center, ny
 (7)
  dingmans ferry, ny
 (1)
  dix hills, ny
 (374)
  dobbs ferry, ny
 (491)
  dolgeville, ny
 (115)
  dormansville, ny
 (2)
  douglaston, ny
 (3)
  dover plains, ny
 (141)
  downsville, ny
 (53)
  dresden, ny
 (21)
  dryden, ny
 (142)
  duanesburg, ny
 (72)
  dundee, ny
 (157)
  dunkirk, ny
 (505)
  durham, ny
 (10)
  durhamville, ny
 (21)
  

 
e

 
 eagle bay, ny
 (30)
  eagle bridge, ny
 (26)
  earlton, ny
 (17)
  earlville, ny
 (65)
  east amherst, ny
 (427)
  east atlantic beach, ny
 (21)
  east aurora, ny
 (585)
  east berne, ny
 (27)
  east bethany, ny
 (18)
  east bloomfield, ny
 (6)
  east branch, ny
 (15)
  east brns, ny
 (1)
  east chatham, ny
 (34)
  east concord, ny
 (20)
  east durham, ny
 (47)
  east elmhurst, ny
 (636)
  east fishkill, ny
 (6)
  east freetown, ny
 (1)
  east greenbush, ny
 (360)
  east hampton, ny
 (1188)
  east homer, ny
 (2)
  east islip, ny
 (540)
  east jewett, ny
 (9)
  east marion, ny
 (27)
  east meadow, ny
 (1239)
  east meredith, ny
 (11)
  east moriches, ny
 (209)
  east nassau, ny
 (16)
  east northport, ny
 (977)
  
 
 east norwich, ny
 (170)
  east orange, ny
 (1)
  east otto, ny
 (13)
  east patchogue, ny
 (411)
  east pembroke, ny
 (13)
  east pharsalia, ny
 (2)
  east quogue, ny
 (171)
  east randolph, ny
 (4)
  east rochester, ny
 (456)
  east rockaway, ny
 (332)
  east schodack, ny
 (6)
  east setauket, ny
 (723)
  east springfield, ny
 (9)
  east syracuse, ny
 (1310)
  east williamson, ny
 (3)
  east williston, ny
 (20)
  east worcester, ny
 (10)
  eastchester, ny
 (430)
  eastport, ny
 (157)
  eaton, ny
 (17)
  eden, ny
 (163)
  edgewater, ny
 (1)
  edgewood, ny
 (110)
  edmeston, ny
 (51)
  edwards, ny
 (29)
  el paso, ny
 (2)
  elba, ny
 (40)
  elbridge, ny
 (82)
  
 
 eldred, ny
 (26)
  elizabethtown, ny
 (88)
  elizaville, ny
 (33)
  elka park, ny
 (15)
  ellenburg, ny
 (7)
  ellenburg center, ny
 (32)
  ellenburg depot, ny
 (33)
  ellenville, ny
 (272)
  ellicott, ny
 (2)
  ellicottville, ny
 (162)
  ellington, ny
 (24)
  ellisburg, ny
 (17)
  elma, ny
 (276)
  elmhurst, ny
 (1629)
  elmira, ny
 (1789)
  elmira heights, ny
 (7)
  elmont, ny
 (1024)
  elmsford, ny
 (1095)
  endicott, ny
 (1173)
  endwell, ny
 (18)
  erieville, ny
 (9)
  erin, ny
 (12)
  esopus, ny
 (19)
  esperance, ny
 (42)
  essex, ny
 (24)
  etna, ny
 (5)
  evans mills, ny
 (110)
  ext, ny
 (1)
  

 
f

 
 fabius, ny
 (34)
  fair harbor, ny
 (1)
  fair haven, ny
 (32)
  fairport, ny
 (1115)
  falconer, ny
 (241)
  fallsburg, ny
 (57)
  fancher, ny
 (3)
  far rockaway, ny
 (809)
  farmersville station, ny
 (7)
  farmingdale, ny
 (3057)
  farmington, ny
 (209)
  farmingville, ny
 (452)
  farnham, ny
 (6)
  fayette, ny
 (10)
  fayetteville, ny
 (582)
  felts mills, ny
 (9)
  ferndale, ny
 (71)
  feura bush, ny
 (35)
  fillmore, ny
 (81)
  findley lake, ny
 (45)
  fine, ny
 (4)
  fishers, ny
 (13)
  
 
 fishers island, ny
 (11)
  fishers landing, ny
 (6)
  fishkill, ny
 (916)
  fishs eddy, ny
 (8)
  fleischmanns, ny
 (56)
  floral park, ny
 (1531)
  florida, ny
 (297)
  flushing, ny
 (7171)
  fly creek, ny
 (32)
  fonda, ny
 (98)
  forest hills, ny
 (2215)
  forestburgh, ny
 (19)
  forestport, ny
 (45)
  forestville, ny
 (43)
  fort ann, ny
 (82)
  fort covington, ny
 (46)
  fort drum, ny
 (53)
  fort edward, ny
 (208)
  fort hamilton, ny
 (1)
  fort hunter, ny
 (2)
  fort johnson, ny
 (15)
  fort montgomery, ny
 (18)
  
 
 fort plain, ny
 (152)
  fort salonga, ny
 (2)
  fort worth, ny
 (1)
  frankfort, ny
 (160)
  franklin, ny
 (60)
  franklin springs, ny
 (5)
  franklin square, ny
 (927)
  franklinville, ny
 (94)
  fredonia, ny
 (134)
  freedom, ny
 (17)
  freehold, ny
 (35)
  freeport, ny
 (1883)
  freeville, ny
 (75)
  fremont center, ny
 (5)
  fresh meadows, ny
 (1006)
  frewsburg, ny
 (101)
  friendship, ny
 (37)
  frost valley, ny
 (1)
  fulton, ny
 (822)
  fultonham, ny
 (3)
  fultonville, ny
 (74)
  

 
g

 
 gabriels, ny
 (4)
  gainesville, ny
 (23)
  gallupville, ny
 (5)
  galway, ny
 (78)
  gansevoort, ny
 (274)
  garden city, ny
 (3176)
  garden city park, ny
 (7)
  garden city south, ny
 (1)
  gardiner, ny
 (125)
  garnerville, ny
 (241)
  garrattsville, ny
 (11)
  garrison, ny
 (137)
  gasport, ny
 (92)
  gates, ny
 (12)
  geneseo, ny
 (384)
  geneva, ny
 (863)
  genoa, ny
 (32)
  georgetown, ny
 (20)
  germantown, ny
 (171)
  gerry, ny
 (39)
  getzville, ny
 (222)
  ghent, ny
 (107)
  gilbertsville, ny
 (33)
  gilboa, ny
 (31)
  gilford lake, ny
 (1)
  glasco, ny
 (12)
  glen aubrey, ny
 (11)
  
 
 glen cove, ny
 (1466)
  glen head, ny
 (538)
  glen oaks, ny
 (270)
  glen spey, ny
 (32)
  glen wild, ny
 (8)
  glendale, ny
 (788)
  glenfield, ny
 (32)
  glenford, ny
 (10)
  glenham, ny
 (6)
  glenmont, ny
 (213)
  glens falls, ny
 (966)
  glenville, ny
 (9)
  glenwood, ny
 (17)
  glenwood landing, ny
 (54)
  gloversville, ny
 (714)
  godeffroy, ny
 (2)
  goldens bridge, ny
 (69)
  gorham, ny
 (18)
  goshen, ny
 (910)
  gouverneur, ny
 (295)
  gowanda, ny
 (168)
  grafton, ny
 (11)
  grahamsville, ny
 (42)
  granby, ny
 (1)
  grand gorge, ny
 (53)
  grand island, ny
 (399)
  granite springs, ny
 (21)
  
 
 granville, ny
 (174)
  great bend, ny
 (3)
  great neck, ny
 (3294)
  great river, ny
 (63)
  great valley, ny
 (39)
  greece, ny
 (14)
  green island, ny
 (2)
  greene, ny
 (202)
  greenfield center, ny
 (65)
  greenfield park, ny
 (11)
  greenhurst, ny
 (5)
  greenlawn, ny
 (300)
  greenport, ny
 (343)
  greenvale, ny
 (293)
  greenville, ny
 (160)
  greenville township, ny
 (1)
  greenwich, ny
 (258)
  greenwood, ny
 (19)
  greenwood lake, ny
 (157)
  greig, ny
 (10)
  groom corners, ny
 (1)
  groton, ny
 (131)
  groveland, ny
 (14)
  guilderland, ny
 (172)
  guilderland center, ny
 (18)
  guilford, ny
 (29)
  guttenberg, ny
 (2)
  

 
h

 
 hadley, ny
 (41)
  hagaman, ny
 (24)
  hague, ny
 (29)
  hailesboro, ny
 (3)
  haines falls, ny
 (25)
  halcott center, ny
 (1)
  halcottsville, ny
 (12)
  halesite, ny
 (26)
  halfmoon, ny
 (3)
  hall, ny
 (13)
  hamburg, ny
 (1202)
  hamden, ny
 (26)
  hamilton, ny
 (204)
  hamlin, ny
 (93)
  hammond, ny
 (113)
  hammondsport, ny
 (133)
  hampton, ny
 (18)
  hampton bays, ny
 (713)
  hamptonburgh, ny
 (3)
  hancock, ny
 (174)
  hankins, ny
 (13)
  hannacroix, ny
 (12)
  hannawa falls, ny
 (5)
  hannibal, ny
 (70)
  harford, ny
 (11)
  harpersfield, ny
 (11)
  harpursville, ny
 (97)
  harriman, ny
 (141)
  harris, ny
 (17)
  harrison, ny
 (666)
  harrisville, ny
 (43)
  hartford, ny
 (29)
  hartsdale, ny
 (697)
  hartwick, ny
 (37)
  hastings, ny
 (28)
  hastings on hudson, ny
 (341)
  hauppauge, ny
 (2147)
  haverstraw, ny
 (457)
  
 
 hawley corners, ny
 (1)
  hawthorne, ny
 (582)
  hector, ny
 (40)
  helena, ny
 (5)
  hemlock, ny
 (25)
  hempstead, ny
 (1983)
  henderson, ny
 (34)
  henderson harbor, ny
 (14)
  henrietta, ny
 (272)
  hensonville, ny
 (16)
  herkimer, ny
 (453)
  hermitage, ny
 (1)
  hermon, ny
 (20)
  herndon, ny
 (1)
  hershey, ny
 (1)
  heuvelton, ny
 (56)
  hewlett, ny
 (638)
  hicksville, ny
 (2811)
  high falls, ny
 (58)
  highland, ny
 (527)
  highland falls, ny
 (146)
  highland lake, ny
 (8)
  highland mills, ny
 (107)
  highmount, ny
 (10)
  hillburn, ny
 (82)
  hillcrest, ny
 (2)
  hillsdale, ny
 (125)
  hilton, ny
 (292)
  himrod, ny
 (18)
  hinckley, ny
 (2)
  hinsdale, ny
 (32)
  hobart, ny
 (42)
  hoffmeister, ny
 (9)
  hogansburg, ny
 (109)
  holbrook, ny
 (1140)
  holland, ny
 (106)
  holland patent, ny
 (52)
  holley, ny
 (116)
  
 
 hollis, ny
 (529)
  hollowville, ny
 (4)
  hollywood, ny
 (2)
  holmes, ny
 (65)
  holtsville, ny
 (389)
  homer, ny
 (171)
  honeoye, ny
 (110)
  honeoye falls, ny
 (248)
  honesdale, ny
 (1)
  hoosick, ny
 (9)
  hoosick falls, ny
 (198)
  hope, ny
 (2)
  hopewell junction, ny
 (623)
  hornell, ny
 (542)
  horseheads, ny
 (801)
  hortonville, ny
 (9)
  houghton, ny
 (28)
  hounsfield, ny
 (4)
  howard beach, ny
 (476)
  howells, ny
 (10)
  howes cave, ny
 (14)
  hubbardsville, ny
 (11)
  hudson, ny
 (1050)
  hudson falls, ny
 (328)
  hugenot, ny
 (1)
  hughsonville, ny
 (5)
  huguenot, ny
 (14)
  hulberton, ny
 (1)
  huletts landing, ny
 (3)
  hume, ny
 (10)
  hunt, ny
 (9)
  hunter, ny
 (100)
  huntington, ny
 (2748)
  huntington smithtown, ny
 (7)
  huntington station, ny
 (1965)
  hurley, ny
 (70)
  hurleyville, ny
 (34)
  hyde park, ny
 (487)
  

 
i

 
 ilion, ny
 (195)
  independence, ny
 (2)
  indian lake, ny
 (77)
  inlet, ny
 (67)
  interlaken, ny
 (88)
  
 
 inwood, ny
 (467)
  ionia, ny
 (6)
  irondequoit, ny
 (4)
  irving, ny
 (157)
  irvington, ny
 (325)
  
 
 island park, ny
 (453)
  islandia, ny
 (625)
  islip, ny
 (518)
  islip terrace, ny
 (263)
  ithaca, ny
 (2696)
  

 
j

 
 jackson heights, ny
 (1978)
  jacksonville, ny
 (10)
  jamaica, ny
 (5945)
  jamesport, ny
 (55)
  jamestown, ny
 (1931)
  jamesville, ny
 (143)
  jasper, ny
 (18)
  java center, ny
 (26)
  
 
 java village, ny
 (10)
  jay, ny
 (53)
  jefferson, ny
 (27)
  jefferson valley, ny
 (113)
  jeffersonville, ny
 (98)
  jericho, ny
 (1157)
  jewett, ny
 (12)
  
 
 johnsburg, ny
 (21)
  johnson, ny
 (7)
  johnson city, ny
 (741)
  johnsonville, ny
 (24)
  johnstown, ny
 (653)
  jordan, ny
 (78)
  jordanville, ny
 (9)
  

 
k

 
 kanona, ny
 (7)
  kansas city, ny
 (1)
  katonah, ny
 (471)
  kattskill bay, ny
 (9)
  kauneonga lake, ny
 (22)
  keene, ny
 (35)
  keene valley, ny
 (40)
  keeseville, ny
 (164)
  kendall, ny
 (28)
  kenmore, ny
 (49)
  kennedy, ny
 (44)
  kenoza lake, ny
 (6)
  
 
 kent, ny
 (12)
  kent lakes, ny
 (8)
  kerhonkson, ny
 (114)
  keuka park, ny
 (37)
  kew gardens, ny
 (478)
  kew gardens hills, ny
 (9)
  kiamesha lake, ny
 (32)
  kill buck, ny
 (12)
  killawog, ny
 (7)
  kinderhook, ny
 (154)
  king ferry, ny
 (18)
  
 
 kings park, ny
 (448)
  kings point, ny
 (2)
  kingston, ny
 (2234)
  kirkville, ny
 (54)
  kirkwood, ny
 (80)
  kiryas, ny
 (1)
  kismet, ny
 (3)
  knowlesville, ny
 (2)
  knox, ny
 (6)
  knoxboro, ny
 (6)
  kortright township, ny
 (1)
  

 
l

 
 la fargeville, ny
 (40)
  la fayette, ny
 (112)
  la grange, ny
 (1)
  lackawanna, ny
 (23)
  lacona, ny
 (37)
  lagrangeville, ny
 (261)
  lake clear, ny
 (15)
  lake george, ny
 (504)
  lake grove, ny
 (529)
  lake hill, ny
 (5)
  lake huntington, ny
 (14)
  lake katrine, ny
 (110)
  lake luzerne, ny
 (117)
  lake peekskill, ny
 (22)
  lake placid, ny
 (508)
  lake pleasant, ny
 (56)
  lake ronkonkoma, ny
 (8)
  lake success, ny
 (7)
  lake view, ny
 (58)
  lakemont, ny
 (5)
  lakeport, ny
 (1)
  lakeville, ny
 (87)
  lakewood, ny
 (361)
  lancaster, ny
 (640)
  lanesville, ny
 (8)
  langford, ny
 (3)
  lansing, ny
 (107)
  larchmont, ny
 (889)
  latham, ny
 (1481)
  laurel, ny
 (139)
  laurel hollow, ny
 (1)
  laurelton, ny
 (258)
  
 
 laurens, ny
 (23)
  lawrence, ny
 (522)
  lawrenceville, ny
 (1)
  lawtons, ny
 (8)
  le roy, ny
 (257)
  ledger corners, ny
 (1)
  lee center, ny
 (32)
  leeds, ny
 (32)
  leicester, ny
 (42)
  leon, ny
 (4)
  leonardsville, ny
 (7)
  levittown, ny
 (1075)
  lewis, ny
 (31)
  lewiston, ny
 (332)
  lexington, ny
 (10)
  liberty, ny
 (400)
  lic, ny
 (1)
  lido, ny
 (1)
  lido beach, ny
 (56)
  lily dale, ny
 (17)
  lima, ny
 (114)
  limestone, ny
 (31)
  lincolndale, ny
 (22)
  lindenhurst, ny
 (1591)
  lindley, ny
 (21)
  linwood, ny
 (4)
  lisbon, ny
 (26)
  lisle, ny
 (63)
  litchfield, ny
 (2)
  little falls, ny
 (246)
  little genesee, ny
 (11)
  little neck, ny
 (593)
  
 
 little valley, ny
 (82)
  little york, ny
 (6)
  liverpool, ny
 (1524)
  livingston, ny
 (29)
  livingston manor, ny
 (133)
  livonia, ny
 (126)
  livonia center, ny
 (1)
  lloyd harbor, ny
 (21)
  loch sheldrake, ny
 (41)
  locke, ny
 (45)
  lockport, ny
 (1525)
  lockwood, ny
 (8)
  locust valley, ny
 (385)
  lodi, ny
 (42)
  long beach, ny
 (994)
  long eddy, ny
 (15)
  long island, ny
 (1)
  long island city, ny
 (4293)
  long lake, ny
 (84)
  longview, ny
 (1)
  lorraine, ny
 (10)
  loudonville, ny
 (7)
  lowman, ny
 (16)
  lowville, ny
 (465)
  lycoming, ny
 (3)
  lyme township, ny
 (11)
  lynbrook, ny
 (1387)
  lyndonville, ny
 (61)
  lyon mountain, ny
 (12)
  lyons, ny
 (238)
  lyons falls, ny
 (64)
  lysander, ny
 (1)
  

 
m

 
 macdougall, ny
 (2)
  macedon, ny
 (302)
  machias, ny
 (36)
  madison, ny
 (49)
  madrid, ny
 (46)
  mahopac, ny
 (831)
  mahopac falls, ny
 (4)
  maine, ny
 (25)
  malden bridge, ny
 (3)
  malden on hudson, ny
 (16)
  mallory, ny
 (5)
  malone, ny
 (585)
  malta, ny
 (6)
  malverne, ny
 (264)
  mamakating, ny
 (2)
  mamaroneck, ny
 (1350)
  manchester, ny
 (35)
  manhasset, ny
 (1161)
  manhattan, ny
 (2)
  manlius, ny
 (408)
  mannsville, ny
 (24)
  manorville, ny
 (288)
  maple springs, ny
 (7)
  maple view, ny
 (4)
  maplecrest, ny
 (8)
  marathon, ny
 (100)
  marcellus, ny
 (158)
  marcy, ny
 (178)
  margaretville, ny
 (206)
  marietta, ny
 (22)
  marilla, ny
 (21)
  marion, ny
 (107)
  marlboro, ny
 (183)
  marshall, ny
 (2)
  martinsburg, ny
 (6)
  martville, ny
 (12)
  maryknoll, ny
 (10)
  maryland, ny
 (18)
  masonville, ny
 (19)
  maspeth, ny
 (1317)
  massapequa, ny
 (1974)
  massapequa park, ny
 (547)
  massena, ny
 (661)
  mastic, ny
 (326)
  mastic beach, ny
 (211)
  mattituck, ny
 (343)
  mattydale, ny
 (10)
  
 
 maybrook, ny
 (59)
  mayfield, ny
 (117)
  mayville, ny
 (230)
  mc connellsville, ny
 (8)
  mc donough, ny
 (17)
  mc graw, ny
 (59)
  mc lean, ny
 (6)
  mechanicville, ny
 (327)
  mecklenburg, ny
 (5)
  medford, ny
 (1091)
  medina, ny
 (315)
  medusa, ny
 (9)
  mellenville, ny
 (10)
  melrose, ny
 (26)
  melville, ny
 (2282)
  memphis, ny
 (34)
  menands, ny
 (215)
  mendon, ny
 (87)
  mentz township, ny
 (3)
  meridale, ny
 (10)
  meridian, ny
 (9)
  merrick, ny
 (1281)
  merrill, ny
 (7)
  mexico, ny
 (142)
  middle falls, ny
 (6)
  middle granville, ny
 (11)
  middle grove, ny
 (47)
  middle island, ny
 (384)
  middle village, ny
 (600)
  middleburgh, ny
 (36)
  middleport, ny
 (88)
  middlesex, ny
 (31)
  middletown, ny
 (2297)
  middletown florida, ny
 (1)
  middleville, ny
 (27)
  milan, ny
 (2)
  milford, ny
 (55)
  mill neck, ny
 (29)
  millbrook, ny
 (316)
  miller place, ny
 (433)
  millerton, ny
 (183)
  millport, ny
 (18)
  millwood, ny
 (93)
  milo, ny
 (2)
  milton, ny
 (98)
  mineola, ny
 (2115)
  minerva, ny
 (19)
  
 
 minetto, ny
 (16)
  mineville, ny
 (22)
  minisink township, ny
 (2)
  minoa, ny
 (43)
  mississauga, ny
 (3)
  model city, ny
 (5)
  modena, ny
 (57)
  mohawk, ny
 (112)
  mohegan lake, ny
 (287)
  moira, ny
 (32)
  mongaup valley, ny
 (30)
  monroe, ny
 (1109)
  monsey, ny
 (1038)
  montauk, ny
 (444)
  montezuma, ny
 (20)
  montgomery, ny
 (423)
  monticello, ny
 (728)
  montour falls, ny
 (130)
  montrose, ny
 (136)
  mooers, ny
 (46)
  mooers forks, ny
 (17)
  moonachie, ny
 (1)
  moravia, ny
 (138)
  moriah, ny
 (6)
  moriah center, ny
 (5)
  moriches, ny
 (105)
  morris, ny
 (59)
  morrisonville, ny
 (57)
  morristown, ny
 (29)
  morrisville, ny
 (98)
  morton, ny
 (5)
  mottville, ny
 (4)
  mount hope, ny
 (2)
  mount kisco, ny
 (1387)
  mount kisco west, ny
 (1)
  mount marion, ny
 (9)
  mount morris, ny
 (203)
  mount sinai, ny
 (416)
  mount tremper, ny
 (36)
  mount upton, ny
 (32)
  mount vernon, ny
 (2261)
  mount vision, ny
 (19)
  mountain dale, ny
 (26)
  mountainville, ny
 (12)
  mumford, ny
 (14)
  munnsville, ny
 (48)
  

 
n

 
 nanticoke, ny
 (1)
  nanuet, ny
 (1233)
  napanoch, ny
 (38)
  naples, ny
 (159)
  narrowsburg, ny
 (124)
  nassau, ny
 (218)
  natural bridge, ny
 (13)
  nedrow, ny
 (62)
  nelliston, ny
 (17)
  nesconset, ny
 (422)
  neversink, ny
 (21)
  new baltimore, ny
 (51)
  new berlin, ny
 (95)
  new bremen, ny
 (2)
  new city, ny
 (1470)
  new hampton, ny
 (101)
  new hartford, ny
 (1003)
  new haven, ny
 (7)
  new hyde park, ny
 (2637)
  new kingston, ny
 (8)
  new lebanon, ny
 (86)
  new lisbon, ny
 (3)
  new market, ny
 (1)
  new milford, ny
 (5)
  new paltz, ny
 (607)
  new rochelle, ny
 (3069)
  new russia, ny
 (4)
  new square, ny
 (8)
  new suffolk, ny
 (15)
  new windsor, ny
 (925)
  new woodstock, ny
 (25)
  
 
 new york, ny
 (130909)
  new york city, ny
 (1)
  new york mills, ny
 (102)
  newark, ny
 (507)
  newark valley, ny
 (77)
  newburgh, ny
 (2319)
  newcomb, ny
 (43)
  newfane, ny
 (108)
  newfield, ny
 (83)
  newport, ny
 (92)
  newton falls, ny
 (6)
  newtonville, ny
 (12)
  niagara falls, ny
 (2415)
  niagara university, ny
 (28)
  nichols, ny
 (53)
  nicholville, ny
 (28)
  nineveh, ny
 (11)
  niobe, ny
 (4)
  niskayuna, ny
 (10)
  niverville, ny
 (16)
  norfolk, ny
 (61)
  noroton heights, ny
 (1)
  north babylon, ny
 (364)
  north baldwin, ny
 (510)
  north bangor, ny
 (41)
  north bay, ny
 (10)
  north bellmore, ny
 (530)
  north blenheim, ny
 (4)
  north boston, ny
 (5)
  north branch, ny
 (11)
  north brookfield, ny
 (4)
  
 
 north chatham, ny
 (9)
  north chili, ny
 (91)
  north clymer, ny
 (2)
  north collins, ny
 (83)
  north creek, ny
 (104)
  north evans, ny
 (5)
  north granville, ny
 (4)
  north greece, ny
 (3)
  north hills, ny
 (1)
  north hoosick, ny
 (7)
  north hudson, ny
 (11)
  north java, ny
 (19)
  north lawrence, ny
 (26)
  north massapequa, ny
 (4)
  north merrick, ny
 (4)
  north norwich, ny
 (8)
  north pitcher, ny
 (1)
  north river, ny
 (11)
  north rose, ny
 (39)
  north salem, ny
 (167)
  north syracuse, ny
 (52)
  north tonawanda, ny
 (996)
  northport, ny
 (864)
  northvale, ny
 (1)
  northville, ny
 (133)
  norwalk, ny
 (3)
  norwich, ny
 (738)
  norwood, ny
 (87)
  nunda, ny
 (87)
  nyack, ny
 (962)
  

 
o

 
 oak beach, ny
 (4)
  oak hill, ny
 (20)
  oak island, ny
 (1)
  oakdale, ny
 (374)
  oakfield, ny
 (69)
  oakland gardens, ny
 (423)
  oaks corners, ny
 (4)
  obernburg, ny
 (4)
  ocean beach, ny
 (84)
  oceanside, ny
 (1400)
  odessa, ny
 (39)
  ogden township, ny
 (6)
  ogdensburg, ny
 (523)
  olcott, ny
 (21)
  old bethpage, ny
 (135)
  old chatham, ny
 (21)
  old forge, ny
 (182)
  
 
 old westbury, ny
 (149)
  olean, ny
 (932)
  olivebridge, ny
 (33)
  olmstedville, ny
 (17)
  oneida, ny
 (591)
  oneonta, ny
 (1238)
  onondaga, ny
 (1)
  ontario, ny
 (306)
  ontario center, ny
 (5)
  orange township, ny
 (1)
  orangeburg, ny
 (383)
  orchard park, ny
 (1111)
  orient, ny
 (38)
  oriskany, ny
 (113)
  oriskany falls, ny
 (53)
  orwell, ny
 (8)
  
 
 ossining, ny
 (1023)
  oswegatchie, ny
 (9)
  oswego, ny
 (1018)
  oswego county plus, ny
 (1)
  otego, ny
 (71)
  otisville, ny
 (73)
  ottawa, ny
 (2)
  otto, ny
 (8)
  ouaquaga, ny
 (2)
  ovid, ny
 (109)
  owego, ny
 (521)
  owls head, ny
 (6)
  oxbow, ny
 (6)
  oxford, ny
 (142)
  oyster bay, ny
 (588)
  ozone park, ny
 (1123)
  

 
p

 
 painted post, ny
 (240)
  palatine bridge, ny
 (70)
  palatine township, ny
 (7)
  palenville, ny
 (29)
  palisades, ny
 (59)
  palmyra, ny
 (241)
  panama, ny
 (60)
  paradox, ny
 (4)
  paris, ny
 (1)
  parish, ny
 (75)
  parishville, ny
 (12)
  park ridge, ny
 (1)
  parksville, ny
 (27)
  parma township, ny
 (4)
  pat, ny
 (2)
  patchin, ny
 (1)
  patchogue, ny
 (1640)
  patterson, ny
 (265)
  pattersonville, ny
 (33)
  paul smiths, ny
 (28)
  pavilion, ny
 (68)
  pawling, ny
 (353)
  pearl creek, ny
 (1)
  pearl river, ny
 (719)
  peconic, ny
 (82)
  peekskill, ny
 (1107)
  pelham, ny
 (583)
  penfield, ny
 (495)
  penn yan, ny
 (546)
  pennellville, ny
 (23)
  perkinsville, ny
 (3)
  perry, ny
 (191)
  perrysburg, ny
 (21)
  perth, ny
 (2)
  peru, ny
 (115)
  peterboro, ny
 (9)
  petersburg, ny
 (32)
  pharsalia, ny
 (2)
  phelps, ny
 (157)
  philadelphia, ny
 (67)
  
 
 phillipsport, ny
 (4)
  philmont, ny
 (35)
  phoenicia, ny
 (69)
  phoenix, ny
 (221)
  piercefield, ny
 (6)
  piermont, ny
 (117)
  pierrepont manor, ny
 (5)
  piffard, ny
 (41)
  pike, ny
 (16)
  pine bush, ny
 (259)
  pine city, ny
 (73)
  pine hill, ny
 (21)
  pine island, ny
 (110)
  pine plains, ny
 (142)
  pine valley, ny
 (10)
  piscataway, ny
 (2)
  piseco, ny
 (16)
  pitcher, ny
 (12)
  pittsford, ny
 (1095)
  pittstown, ny
 (1)
  plainview, ny
 (1824)
  plainville, ny
 (3)
  plandome, ny
 (2)
  plattekill, ny
 (22)
  plattsburgh, ny
 (1848)
  plattsburgh air force base, ny
 (2)
  pleasant plains, ny
 (1)
  pleasant valley, ny
 (255)
  pleasantville, ny
 (698)
  plessis, ny
 (7)
  plymouth, ny
 (7)
  poestenkill, ny
 (30)
  point breeze, ny
 (1)
  point lookout, ny
 (76)
  point o woods, ny
 (3)
  poland, ny
 (76)
  pomona, ny
 (463)
  pompey, ny
 (11)
  pond eddy, ny
 (14)
  poplar ridge, ny
 (14)
  
 
 port byron, ny
 (85)
  port chester, ny
 (1705)
  port crane, ny
 (42)
  port ewen, ny
 (82)
  port gibson, ny
 (2)
  port henry, ny
 (70)
  port jefferson, ny
 (771)
  port jefferson station, ny
 (934)
  port jervis, ny
 (525)
  port kent, ny
 (5)
  port leyden, ny
 (27)
  port washington, ny
 (1683)
  portageville, ny
 (17)
  porter corners, ny
 (24)
  portland, ny
 (17)
  portlandville, ny
 (7)
  portville, ny
 (79)
  potsdam, ny
 (596)
  pottersville, ny
 (24)
  poughkeepsie, ny
 (3584)
  poughquag, ny
 (97)
  pound ridge, ny
 (200)
  prattsburgh, ny
 (84)
  prattsville, ny
 (45)
  preble, ny
 (25)
  preston hollow, ny
 (11)
  princeton, ny
 (1)
  prospect, ny
 (11)
  pulaski, ny
 (292)
  pulteney, ny
 (24)
  pultneyville, ny
 (2)
  purchase, ny
 (365)
  purdys, ny
 (38)
  purling, ny
 (5)
  putnam, ny
 (3)
  putnam lake, ny
 (1)
  putnam station, ny
 (15)
  putnam valley, ny
 (232)
  pyrites, ny
 (2)
  

 
q

 
 quaker lake, ny
 (1)
  quaker street, ny
 (2)
  
 
 queens, ny
 (1)
  queens village, ny
 (994)
  
 
 queensbury, ny
 (1152)
  quogue, ny
 (165)
  

 
r

 
 rainbow lake, ny
 (3)
  randolph, ny
 (124)
  ransomville, ny
 (73)
  raquette lake, ny
 (29)
  ravena, ny
 (166)
  ray brook, ny
 (20)
  raymondville, ny
 (5)
  reading center, ny
 (4)
  reading township, ny
 (3)
  red creek, ny
 (44)
  red hook, ny
 (169)
  red house, ny
 (2)
  redding, ny
 (1)
  redfield, ny
 (15)
  redford, ny
 (6)
  redmond, ny
 (1)
  redwood, ny
 (26)
  rego park, ny
 (1044)
  remsen, ny
 (64)
  remsenburg, ny
 (24)
  rensselaer, ny
 (591)
  rensselaer falls, ny
 (11)
  rensselaerville, ny
 (20)
  retsof, ny
 (2)
  rexford, ny
 (82)
  rexville, ny
 (8)
  
 
 rhinebeck, ny
 (593)
  rhinecliff, ny
 (11)
  richburg, ny
 (7)
  richfield springs, ny
 (136)
  richford, ny
 (16)
  richland, ny
 (13)
  richmond hill, ny
 (964)
  richmond township, ny
 (1)
  richmondville, ny
 (53)
  richville, ny
 (13)
  ridge, ny
 (212)
  ridgewood, ny
 (1473)
  rifton, ny
 (9)
  riparius, ny
 (2)
  ripley, ny
 (67)
  riverhead, ny
 (1979)
  rochester, ny
 (16773)
  rock city falls, ny
 (7)
  rock hill, ny
 (101)
  rock stream, ny
 (16)
  rock tavern, ny
 (44)
  rockaway beach, ny
 (133)
  rockaway park, ny
 (328)
  rockland, ny
 (1)
  rockville centre, ny
 (1686)
  rocky point, ny
 (445)
  
 
 rodman, ny
 (8)
  rome, ny
 (1288)
  romulus, ny
 (62)
  ronkonkoma, ny
 (2263)
  roosevelt, ny
 (328)
  rooseveltown, ny
 (9)
  roscoe, ny
 (89)
  rose, ny
 (4)
  roseboom, ny
 (8)
  rosedale, ny
 (463)
  rosendale, ny
 (79)
  roslyn, ny
 (602)
  roslyn heights, ny
 (661)
  rotterdam, ny
 (6)
  rotterdam junction, ny
 (23)
  round lake, ny
 (50)
  round top, ny
 (32)
  rouses point, ny
 (91)
  roxbury, ny
 (86)
  ruby, ny
 (3)
  rush, ny
 (100)
  rushford, ny
 (29)
  rushville, ny
 (49)
  russell, ny
 (28)
  rye, ny
 (829)
  rye brook, ny
 (272)
  

 
s

 
 s schodack, ny
 (1)
  sabael, ny
 (5)
  sackets harbor, ny
 (74)
  saddle brook, ny
 (1)
  sag harbor, ny
 (573)
  sagaponack, ny
 (38)
  saint albans, ny
 (482)
  saint bonaventure, ny
 (4)
  saint james, ny
 (702)
  saint johnsville, ny
 (104)
  saint regis falls, ny
 (35)
  salamanca, ny
 (262)
  salem, ny
 (99)
  salisbury center, ny
 (18)
  salisbury mills, ny
 (26)
  salsbury, ny
 (1)
  salt point, ny
 (70)
  san antonio, ny
 (1)
  sanborn, ny
 (172)
  sand lake, ny
 (12)
  sands point, ny
 (2)
  sandusky, ny
 (8)
  sandy creek, ny
 (50)
  sangerfield, ny
 (13)
  sanitaria springs, ny
 (1)
  saranac, ny
 (44)
  saranac lake, ny
 (459)
  saratoga, ny
 (1)
  saratoga springs, ny
 (2128)
  sardinia, ny
 (10)
  saugerties, ny
 (607)
  sauquoit, ny
 (59)
  savannah, ny
 (52)
  savona, ny
 (25)
  sayerville, ny
 (1)
  sayville, ny
 (801)
  scarsdale, ny
 (1695)
  schaghticoke, ny
 (87)
  schenectady, ny
 (4274)
  schenevus, ny
 (28)
  schodack center, ny
 (2)
  schodack landing, ny
 (21)
  schoharie, ny
 (59)
  schroon lake, ny
 (117)
  schuyler, ny
 (2)
  schuyler falls, ny
 (12)
  schuyler lake, ny
 (9)
  schuylerville, ny
 (134)
  scio, ny
 (29)
  scipio center, ny
 (19)
  scotchtown, ny
 (5)
  scotia, ny
 (23)
  scottsburg, ny
 (5)
  scottsville, ny
 (125)
  sea cliff, ny
 (244)
  seaford, ny
 (603)
  selden, ny
 (698)
  selkirk, ny
 (119)
  seneca castle, ny
 (7)
  seneca falls, ny
 (313)
  seneca township, ny
 (3)
  setauket, ny
 (135)
  severance, ny
 (3)
  shandaken, ny
 (21)
  
 
 sharon springs, ny
 (88)
  shawangunk township, ny
 (2)
  shelter island, ny
 (140)
  shelter island heights, ny
 (41)
  shenorock, ny
 (9)
  sherburne, ny
 (177)
  sheridan, ny
 (5)
  sherman, ny
 (72)
  sherrill, ny
 (89)
  shinhopple, ny
 (2)
  shirley, ny
 (682)
  shokan, ny
 (61)
  shoreham, ny
 (140)
  shortsville, ny
 (107)
  shrub oak, ny
 (114)
  shushan, ny
 (10)
  sidney, ny
 (240)
  sidney center, ny
 (16)
  silver bay, ny
 (11)
  silver creek, ny
 (148)
  silver lake, ny
 (1)
  silver springs, ny
 (35)
  sinclairville, ny
 (53)
  skaneateles, ny
 (380)
  skaneateles falls, ny
 (10)
  slate hill, ny
 (87)
  slaterville springs, ny
 (16)
  sleepy hollow, ny
 (327)
  slingerlands, ny
 (181)
  sloansville, ny
 (20)
  sloatsburg, ny
 (114)
  smallwood, ny
 (10)
  smithboro, ny
 (3)
  smithtown, ny
 (1927)
  smithville, ny
 (1)
  smithville flats, ny
 (8)
  smyrna, ny
 (19)
  snyder, ny
 (4)
  sodus, ny
 (179)
  sodus point, ny
 (48)
  solvay, ny
 (3)
  somers, ny
 (355)
  sonyea, ny
 (5)
  sound beach, ny
 (97)
  south bethlehem, ny
 (13)
  south butler, ny
 (3)
  south byron, ny
 (5)
  south cairo, ny
 (15)
  south colton, ny
 (15)
  south dayton, ny
 (53)
  south fallsburg, ny
 (109)
  south farmingdale, ny
 (4)
  south glens falls, ny
 (259)
  south hempstead, ny
 (33)
  south jamesport, ny
 (12)
  south kortright, ny
 (11)
  south lima, ny
 (2)
  south new berlin, ny
 (31)
  south otselic, ny
 (18)
  south ozone park, ny
 (518)
  south plymouth, ny
 (9)
  south richmond hill, ny
 (910)
  south salem, ny
 (211)
  south setauket, ny
 (83)
  
 
 south wales, ny
 (38)
  south westerlo, ny
 (1)
  southampton, ny
 (1637)
  southfields, ny
 (24)
  southhold, ny
 (1)
  southold, ny
 (404)
  sparkill, ny
 (78)
  sparrow bush, ny
 (44)
  speculator, ny
 (59)
  spencer, ny
 (94)
  spencerport, ny
 (477)
  spencertown, ny
 (16)
  speonk, ny
 (107)
  sprakers, ny
 (24)
  spring brook, ny
 (6)
  spring glen, ny
 (5)
  spring valley, ny
 (1747)
  springfield center, ny
 (19)
  springfield gardens, ny
 (473)
  springville, ny
 (340)
  springwater, ny
 (31)
  staatsburg, ny
 (56)
  stafford, ny
 (27)
  stamford, ny
 (141)
  stanfordville, ny
 (88)
  stanley, ny
 (80)
  star lake, ny
 (43)
  staten island, ny
 (11258)
  steamburg, ny
 (37)
  stedman, ny
 (1)
  stella niagara, ny
 (9)
  stephentown, ny
 (68)
  sterling, ny
 (33)
  sterling forest, ny
 (10)
  stillwater, ny
 (77)
  stillwater corners, ny
 (1)
  stittville, ny
 (21)
  stockton, ny
 (17)
  stone ridge, ny
 (128)
  stony brook, ny
 (654)
  stony creek, ny
 (23)
  stony point, ny
 (408)
  stormville, ny
 (76)
  stottville, ny
 (7)
  stow, ny
 (14)
  stratford, ny
 (8)
  strykersville, ny
 (33)
  stuyvesant, ny
 (30)
  stuyvesant falls, ny
 (8)
  suffern, ny
 (1076)
  suffoik, ny
 (2)
  sugar loaf, ny
 (10)
  summit, ny
 (4)
  summitville, ny
 (4)
  sundown, ny
 (2)
  sunnyside, ny
 (545)
  surprise, ny
 (3)
  swain, ny
 (5)
  swan lake, ny
 (51)
  sweden, ny
 (1)
  sylvan beach, ny
 (33)
  syosset, ny
 (1554)
  syracuse, ny
 (9104)
  

 
t

 
 taberg, ny
 (33)
  taghkanic, ny
 (2)
  tallman, ny
 (31)
  tannersville, ny
 (115)
  tappan, ny
 (212)
  tarrytown, ny
 (1105)
  the west, ny
 (1)
  thendara, ny
 (9)
  theresa, ny
 (49)
  thiells, ny
 (65)
  thompson ridge, ny
 (11)
  thompsonville, ny
 (10)
  thornwood, ny
 (359)
  thousand island park, ny
 (10)
  
 
 three mile bay, ny
 (10)
  ticonderoga, ny
 (226)
  tillson, ny
 (20)
  tioga center, ny
 (12)
  tivoli, ny
 (63)
  tomkins cove, ny
 (35)
  tompkins township, ny
 (2)
  toms river, ny
 (1)
  tonawanda, ny
 (1464)
  torrington, ny
 (1)
  towanda, ny
 (1)
  treadwell, ny
 (6)
  tribes hill, ny
 (8)
  
 
 troupsburg, ny
 (20)
  trout creek, ny
 (12)
  troy, ny
 (2181)
  trumansburg, ny
 (280)
  truxton, ny
 (22)
  tuckahoe, ny
 (442)
  tully, ny
 (138)
  tunnel, ny
 (1)
  tupper lake, ny
 (235)
  turin, ny
 (28)
  tusten, ny
 (4)
  tuxedo park, ny
 (139)
  tyrone, ny
 (9)
  

 
u

 
 ulster park, ny
 (39)
  unadilla, ny
 (115)
  union hill, ny
 (3)
  union springs, ny
 (63)
  
 
 union vale township, ny
 (1)
  uniondale, ny
 (908)
  unionville, ny
 (13)
  upper jay, ny
 (7)
  
 
 upper montclair, ny
 (1)
  upton, ny
 (15)
  utica, ny
 (2492)
  

 
v

 
 vail mills, ny
 (1)
  vails gate, ny
 (30)
  valatie, ny
 (212)
  valhalla, ny
 (559)
  valley cottage, ny
 (328)
  valley falls, ny
 (27)
  valley stream, ny
 (2370)
  van buren point, ny
 (3)
  van etten, ny
 (21)
  
 
 van hornesville, ny
 (8)
  varysburg, ny
 (31)
  verbank, ny
 (25)
  vermontville, ny
 (12)
  vernon, ny
 (131)
  vernon center, ny
 (13)
  verona, ny
 (78)
  verona beach, ny
 (13)
  verplanck, ny
 (43)
  
 
 versailles, ny
 (4)
  vestal, ny
 (985)
  victor, ny
 (811)
  victoria, ny
 (1)
  victory, ny
 (1)
  victory mills, ny
 (4)
  village of garden city, ny
 (1)
  vista, ny
 (1)
  voorheesville, ny
 (132)
  

 
w

 
 waccabuc, ny
 (19)
  waddington, ny
 (53)
  wadhams, ny
 (1)
  wading river, ny
 (291)
  wainscott, ny
 (129)
  walden, ny
 (293)
  wales center, ny
 (12)
  walker valley, ny
 (8)
  wallkill, ny
 (237)
  wallkill township, ny
 (17)
  walton, ny
 (296)
  walworth, ny
 (57)
  wampsville, ny
 (30)
  wanakena, ny
 (8)
  wantagh, ny
 (990)
  wappingers falls, ny
 (1229)
  warners, ny
 (44)
  warnerville, ny
 (12)
  warrensburg, ny
 (211)
  warsaw, ny
 (315)
  warwick, ny
 (1035)
  washington mills, ny
 (9)
  washingtonville, ny
 (218)
  wassaic, ny
 (31)
  water mill, ny
 (234)
  waterford, ny
 (192)
  waterloo, ny
 (439)
  waterport, ny
 (27)
  watertown, ny
 (1971)
  waterville, ny
 (119)
  watervliet, ny
 (310)
  watkins glen, ny
 (255)
  waverly, ny
 (244)
  wawarsing, ny
 (26)
  wawayanda township, ny
 (4)
  wayland, ny
 (129)
  wayne, ny
 (14)
  webb, ny
 (32)
  webster, ny
 (1370)
  weedsport, ny
 (130)
  wellesley island, ny
 (23)
  wells, ny
 (29)
  wells bridge, ny
 (5)
  wellsburg, ny
 (18)
  wellsville, ny
 (410)
  west amherst, ny
 (1)
  west babylon, ny
 (1608)
  west bloomfield, ny
 (6)
  
 
 west burlington, ny
 (4)
  west camp, ny
 (4)
  west chazy, ny
 (84)
  west clarksville, ny
 (4)
  west copake, ny
 (3)
  west coxsackie, ny
 (103)
  west davenport, ny
 (5)
  west eaton, ny
 (3)
  west edmeston, ny
 (10)
  west ellicott, ny
 (1)
  west falls, ny
 (49)
  west fulton, ny
 (2)
  west ghent, ny
 (2)
  west harrison, ny
 (817)
  west haverstraw, ny
 (192)
  west hempstead, ny
 (901)
  west henrietta, ny
 (123)
  west hurley, ny
 (70)
  west islip, ny
 (712)
  west kill, ny
 (10)
  west lebanon, ny
 (18)
  west leyden, ny
 (14)
  west monroe, ny
 (51)
  west nyack, ny
 (681)
  west oneonta, ny
 (28)
  west palm beach, ny
 (1)
  west park, ny
 (15)
  west point, ny
 (61)
  west sand lake, ny
 (78)
  west sayville, ny
 (126)
  west seneca, ny
 (300)
  west shokan, ny
 (10)
  west stockholm, ny
 (3)
  west taghkanic, ny
 (1)
  west valley, ny
 (35)
  west winfield, ny
 (98)
  westbrookville, ny
 (7)
  westbury, ny
 (2239)
  westdale, ny
 (3)
  westerlo, ny
 (34)
  westernville, ny
 (25)
  westfield, ny
 (258)
  westford, ny
 (9)
  westgate, ny
 (1)
  westhampton, ny
 (137)
  westhampton beach, ny
 (542)
  westmonroe, ny
 (2)
  westmoreland, ny
 (61)
  
 
 westons mills, ny
 (4)
  westport, ny
 (112)
  westtown, ny
 (41)
  wevertown, ny
 (9)
  wheatley heights, ny
 (20)
  whippleville, ny
 (2)
  white lake, ny
 (51)
  white plains, ny
 (5490)
  white sulphur spring, ny
 (18)
  whitehall, ny
 (127)
  whitesboro, ny
 (244)
  whitestone, ny
 (911)
  whitesville, ny
 (19)
  whitney point, ny
 (138)
  willard, ny
 (4)
  willet, ny
 (6)
  williamson, ny
 (193)
  williamstown, ny
 (38)
  williamsville, ny
 (947)
  williston park, ny
 (462)
  willow, ny
 (8)
  willsboro, ny
 (65)
  willseyville, ny
 (7)
  wilmington, ny
 (90)
  wilson, ny
 (76)
  wilton, ny
 (5)
  windham, ny
 (172)
  windsor, ny
 (142)
  wingdale, ny
 (110)
  winthrop, ny
 (45)
  wolcott, ny
 (147)
  woodbourne, ny
 (59)
  woodbury, ny
 (825)
  woodgate, ny
 (14)
  woodhaven, ny
 (534)
  woodhull, ny
 (38)
  woodmere, ny
 (432)
  woodridge, ny
 (64)
  woodside, ny
 (1787)
  woodstock, ny
 (282)
  worcester, ny
 (56)
  worthington, ny
 (1)
  wurtsboro, ny
 (119)
  wyandanch, ny
 (306)
  wyckoff, ny
 (1)
  wykagyl, ny
 (1)
  wynantskill, ny
 (110)
  wyoming, ny
 (36)
  

 
y

 
 yaphank, ny
 (318)
  yonkers, ny
 (5842)
  yonkers west, ny
 (2)
  york, ny
 (11)
  
 
 yorkshire, ny
 (39)
  yorktown heights, ny
 (1061)
  yorkville, ny
 (151)
  
 
 youngstown, ny
 (103)
  youngsville, ny
 (24)
  yulan, ny
 (6)
  

 














download wowfie



a social photo editor app & selfie camera!
 
your photo in a million designs!













news & stories








 




 popular cities in new york

  albany, ny  (8478)   astoria, ny  (4617)   bronx, ny  (31592)   brooklyn, ny  (73045)   buffalo, ny  (17962)   farmingdale, ny  (3057)   flushing, ny  (7171)   garden city, ny  (3176)   great neck, ny  (3294)   jamaica, ny  (5945)   long island city, ny  (4293)   new rochelle, ny  (3069)   new york, ny  (130909)   poughkeepsie, ny  (3584)   rochester, ny  (16773)   schenectady, ny  (4274)   staten island, ny  (11258)   syracuse, ny  (9104)   white plains, ny  (5490)   yonkers, ny  (5842)  








shareblast funny jokes, images, videos,
 gifs for whatsapp & facebook







back to top










  about us  |
 contact us  |
 privacy policy  |

terms of use


  new york site map  



copyright © 2018 allpages.com all rights reserved.




































