











nebraska yellow pages | ne yellow pages | allpages.com



 

































nebraska yellow pages
 nebraska yellow pages




 



  
a

 
 abie, ne
 (3)
  adams, ne
 (50)
  ainsworth, ne
 (229)
  albion, ne
 (216)
  alda, ne
 (40)
  alexandria, ne
 (7)
  allen, ne
 (30)
  alliance, ne
 (529)
  alma, ne
 (114)
  alvo, ne
 (6)
  amelia, ne
 (4)
  
 
 ames, ne
 (9)
  amherst, ne
 (20)
  angora, ne
 (3)
  anselmo, ne
 (19)
  ansley, ne
 (70)
  arapahoe, ne
 (112)
  arcadia, ne
 (57)
  archer, ne
 (16)
  arlington, ne
 (68)
  arnold, ne
 (73)
  arthur, ne
 (26)
  
 
 ashby, ne
 (17)
  ashland, ne
 (177)
  ashton, ne
 (17)
  atkinson, ne
 (161)
  atlanta, ne
 (4)
  auburn, ne
 (299)
  aurora, ne
 (625)
  avoca, ne
 (19)
  axtell, ne
 (44)
  ayr, ne
 (8)
  

 
b

 
 bancroft, ne
 (56)
  barneston, ne
 (8)
  bartlett, ne
 (35)
  bartley, ne
 (24)
  bassett, ne
 (130)
  battle creek, ne
 (52)
  bayard, ne
 (53)
  beatrice, ne
 (919)
  beaver city, ne
 (51)
  beaver crossing, ne
 (26)
  bee, ne
 (7)
  beemer, ne
 (74)
  belden, ne
 (8)
  belgrade, ne
 (9)
  bellevue, ne
 (1275)
  bellwood, ne
 (24)
  belvidere, ne
 (8)
  benedict, ne
 (18)
  
 
 benkelman, ne
 (204)
  bennet, ne
 (63)
  bennington, ne
 (104)
  bertrand, ne
 (54)
  big springs, ne
 (40)
  bingham, ne
 (2)
  bladen, ne
 (18)
  blair, ne
 (591)
  bloomfield, ne
 (135)
  bloomington, ne
 (4)
  blue hill, ne
 (102)
  blue springs, ne
 (22)
  boelus, ne
 (12)
  boys town, ne
 (42)
  bradshaw, ne
 (26)
  brady, ne
 (30)
  brainard, ne
 (29)
  
 
 brewster, ne
 (16)
  bridgeport, ne
 (164)
  bristow, ne
 (10)
  broadwater, ne
 (13)
  brock, ne
 (1)
  broken bow, ne
 (356)
  brownville, ne
 (18)
  brule, ne
 (38)
  bruning, ne
 (40)
  bruno, ne
 (11)
  brunswick, ne
 (19)
  burchard, ne
 (8)
  burr, ne
 (8)
  burwell, ne
 (234)
  bushnell, ne
 (10)
  butte, ne
 (56)
  byron, ne
 (27)
  

 
c

 
 cairo, ne
 (38)
  callaway, ne
 (55)
  cambridge, ne
 (140)
  campbell, ne
 (29)
  carleton, ne
 (15)
  carroll, ne
 (22)
  cedar bluffs, ne
 (31)
  cedar creek, ne
 (4)
  cedar rapids, ne
 (36)
  center, ne
 (16)
  central city, ne
 (206)
  ceresco, ne
 (48)
  chadron, ne
 (424)
  chambers, ne
 (36)
  champion, ne
 (6)
  chapman, ne
 (22)
  
 
 chappell, ne
 (80)
  chester, ne
 (38)
  clarks, ne
 (48)
  clarkson, ne
 (61)
  clatonia, ne
 (17)
  clay center, ne
 (78)
  clearwater, ne
 (54)
  cody, ne
 (17)
  coleridge, ne
 (40)
  colon, ne
 (11)
  columbus, ne
 (1497)
  comstock, ne
 (8)
  concord, ne
 (15)
  cook, ne
 (19)
  cordova, ne
 (11)
  
 
 cornlea, ne
 (3)
  corso, ne
 (2)
  cortland, ne
 (42)
  cotesfield, ne
 (1)
  cozad, ne
 (270)
  crab orchard, ne
 (3)
  craig, ne
 (10)
  crawford, ne
 (98)
  creighton, ne
 (123)
  creston, ne
 (17)
  crete, ne
 (333)
  crofton, ne
 (93)
  crookston, ne
 (8)
  culbertson, ne
 (45)
  curtis, ne
 (106)
  

 
d

 
 dakota city, ne
 (65)
  dalton, ne
 (23)
  danbury, ne
 (9)
  dannebrog, ne
 (27)
  davenport, ne
 (35)
  davey, ne
 (10)
  david city, ne
 (211)
  dawson, ne
 (15)
  daykin, ne
 (15)
  
 
 de witt, ne
 (40)
  decatur, ne
 (34)
  denton, ne
 (33)
  deshler, ne
 (83)
  deweese, ne
 (10)
  dickens, ne
 (5)
  diller, ne
 (39)
  dix, ne
 (15)
  dixon, ne
 (10)
  
 
 dodge, ne
 (61)
  doniphan, ne
 (113)
  dorchester, ne
 (43)
  douglas, ne
 (16)
  du bois, ne
 (16)
  dunbar, ne
 (8)
  duncan, ne
 (11)
  dunning, ne
 (13)
  dwight, ne
 (15)
  

 
e

 
 eagle, ne
 (61)
  eddyville, ne
 (9)
  edgar, ne
 (42)
  edison, ne
 (11)
  elba, ne
 (28)
  elgin, ne
 (81)
  elk creek, ne
 (13)
  elkhorn, ne
 (418)
  
 
 ellsworth, ne
 (3)
  elm creek, ne
 (62)
  elmwood, ne
 (51)
  elsie, ne
 (23)
  elsmere, ne
 (2)
  elwood, ne
 (63)
  elyria, ne
 (5)
  emerson, ne
 (42)
  
 
 emmet, ne
 (4)
  enders, ne
 (10)
  endicott, ne
 (6)
  ericson, ne
 (17)
  eustis, ne
 (46)
  ewing, ne
 (54)
  exeter, ne
 (50)
  

 
f

 
 fairbury, ne
 (341)
  fairfield, ne
 (38)
  fairmont, ne
 (41)
  falls city, ne
 (325)
  farnam, ne
 (23)
  farwell, ne
 (10)
  
 
 filley, ne
 (19)
  firth, ne
 (43)
  fordyce, ne
 (18)
  fort calhoun, ne
 (71)
  foster, ne
 (3)
  
 
 franklin, ne
 (99)
  fremont, ne
 (1311)
  friend, ne
 (88)
  fullerton, ne
 (111)
  funk, ne
 (13)
  

 
g

 
 garland, ne
 (10)
  geneva, ne
 (226)
  genoa, ne
 (70)
  gering, ne
 (470)
  gibbon, ne
 (97)
  gilead, ne
 (1)
  giltner, ne
 (58)
  glenvil, ne
 (20)
  
 
 goehner, ne
 (9)
  gordon, ne
 (205)
  gothenburg, ne
 (247)
  grafton, ne
 (13)
  grand island, ne
 (2538)
  grand rapids, ne
 (1)
  grant, ne
 (171)
  greeenwood, ne
 (1)
  
 
 greeley, ne
 (44)
  greenwood, ne
 (33)
  gresham, ne
 (20)
  gretna, ne
 (387)
  guernsey wy, ne
 (2)
  guide rock, ne
 (14)
  gurley, ne
 (13)
  

 
h

 
 hadar, ne
 (14)
  haigler, ne
 (9)
  hallam, ne
 (14)
  halsey, ne
 (10)
  hampton, ne
 (83)
  hardy, ne
 (12)
  harrisburg, ne
 (23)
  harrison, ne
 (25)
  hartington, ne
 (221)
  harvard, ne
 (43)
  hastings, ne
 (1662)
  hay springs, ne
 (54)
  hayes center, ne
 (26)
  
 
 hazard, ne
 (7)
  heartwell, ne
 (7)
  hebron, ne
 (190)
  hemingford, ne
 (96)
  henderson, ne
 (98)
  hendley, ne
 (3)
  henry, ne
 (2)
  herman, ne
 (39)
  hershey, ne
 (45)
  hickman, ne
 (64)
  hildreth, ne
 (25)
  holbrook, ne
 (27)
  holdrege, ne
 (403)
  
 
 holmesville, ne
 (4)
  holstein, ne
 (15)
  homer, ne
 (26)
  hooper, ne
 (114)
  hordville, ne
 (19)
  hoskins, ne
 (25)
  howells, ne
 (49)
  hubbard, ne
 (15)
  hubbell, ne
 (5)
  humboldt, ne
 (91)
  humphrey, ne
 (86)
  huntley, ne
 (1)
  hyannis, ne
 (47)
  

 
i

 
 imperial, ne
 (244)
  inavale, ne
 (4)
  
 
 indianola, ne
 (51)
  inland, ne
 (3)
  
 
 inman, ne
 (11)
  ithaca, ne
 (41)
  

 
j

 
 jackson, ne
 (36)
  jansen, ne
 (15)
  johnson, ne
 (24)
  
 
 johnson lake, ne
 (9)
  johnstown, ne
 (16)
  
 
 julian, ne
 (1)
  juniata, ne
 (53)
  

 
k

 
 kearney, ne
 (2111)
  kenesaw, ne
 (34)
  
 
 kennard, ne
 (24)
  keystone, ne
 (17)
  
 
 kilgore, ne
 (10)
  kimball, ne
 (236)
  

 
l

 
 la vista, ne
 (507)
  lakeside, ne
 (7)
  lamar, ne
 (3)
  laurel, ne
 (110)
  lavista, ne
 (5)
  lawrence, ne
 (33)
  leigh, ne
 (51)
  lemoyne, ne
 (18)
  lewellen, ne
 (27)
  lewiston, ne
 (3)
  
 
 lexington, ne
 (492)
  liberty, ne
 (11)
  lincoln, ne
 (11742)
  lindsay, ne
 (36)
  lingle wy, ne
 (2)
  linwood, ne
 (10)
  linwood morse bluffs, ne
 (1)
  lisco, ne
 (7)
  litchfield, ne
 (20)
  
 
 lodgepole, ne
 (28)
  long pine, ne
 (24)
  loomis, ne
 (39)
  lorton, ne
 (1)
  louisville, ne
 (85)
  loup city, ne
 (103)
  lyman, ne
 (119)
  lynch, ne
 (40)
  lyons, ne
 (69)
  

 
m

 
 macy, ne
 (29)
  madison, ne
 (111)
  madrid, ne
 (41)
  malcolm, ne
 (29)
  malmo, ne
 (6)
  manley, ne
 (4)
  marquette, ne
 (33)
  marsland, ne
 (1)
  martell, ne
 (16)
  maskell, ne
 (3)
  mason city, ne
 (17)
  max, ne
 (5)
  maxwell, ne
 (17)
  
 
 maywood, ne
 (22)
  mc cool junction, ne
 (31)
  mccook, ne
 (637)
  mcgrew, ne
 (1)
  mclean, ne
 (1)
  mead, ne
 (53)
  meadow grove, ne
 (17)
  melbeta, ne
 (5)
  memphis, ne
 (5)
  merna, ne
 (31)
  merriman, ne
 (21)
  milford, ne
 (119)
  miller, ne
 (9)
  
 
 milligan, ne
 (26)
  mills, ne
 (2)
  minatare, ne
 (43)
  minden, ne
 (199)
  mitchell, ne
 (106)
  monroe, ne
 (22)
  moorefield, ne
 (5)
  morrill, ne
 (87)
  morse bluff, ne
 (18)
  mullen, ne
 (72)
  murdock, ne
 (22)
  murray, ne
 (40)
  

 
n

 
 naper, ne
 (12)
  naponee, ne
 (9)
  nebraska city, ne
 (555)
  nehawka, ne
 (17)
  neligh, ne
 (177)
  nelson, ne
 (54)
  nemaha, ne
 (11)
  
 
 nenzel, ne
 (4)
  newcastle, ne
 (25)
  newman grove, ne
 (55)
  newport, ne
 (4)
  nickerson, ne
 (9)
  niobrara, ne
 (114)
  
 
 norfolk, ne
 (1703)
  norman, ne
 (4)
  north bend, ne
 (100)
  north loup, ne
 (40)
  north platte, ne
 (1565)
  north valentine, ne
 (1)
  

 
o

 
 oak, ne
 (4)
  oakdale, ne
 (13)
  oakland, ne
 (112)
  obert, ne
 (3)
  oconto, ne
 (24)
  odell, ne
 (37)
  odessa, ne
 (2)
  offutt afb, ne
 (42)
  
 
 ogallala, ne
 (490)
  ohiowa, ne
 (11)
  omaha, ne
 (18934)
  oneill, ne
 (371)
  ong, ne
 (4)
  orchard, ne
 (49)
  ord, ne
 (257)
  
 
 orleans, ne
 (30)
  osceola, ne
 (92)
  oshkosh, ne
 (87)
  osmond, ne
 (93)
  otoe, ne
 (11)
  overton, ne
 (44)
  oxford, ne
 (67)
  

 
p

 
 page, ne
 (23)
  palisade, ne
 (29)
  palmer, ne
 (33)
  palmyra, ne
 (36)
  panama, ne
 (11)
  papillion, ne
 (855)
  parks, ne
 (10)
  pawnee city, ne
 (74)
  paxton, ne
 (62)
  pender, ne
 (112)
  
 
 peru, ne
 (50)
  petersburg, ne
 (38)
  phillips, ne
 (49)
  pickrell, ne
 (24)
  pierce, ne
 (147)
  pilger, ne
 (22)
  plainview, ne
 (174)
  platte center, ne
 (32)
  plattsmouth, ne
 (417)
  
 
 pleasant dale, ne
 (15)
  pleasanton, ne
 (23)
  plymouth, ne
 (41)
  polk, ne
 (34)
  ponca, ne
 (63)
  potter, ne
 (27)
  prague, ne
 (24)
  primrose, ne
 (7)
  purdum, ne
 (14)
  

 
r

 
 ragan, ne
 (7)
  ralston, ne
 (25)
  randolph, ne
 (79)
  ravenna, ne
 (121)
  raymond, ne
 (43)
  red cloud, ne
 (150)
  republican city, ne
 (22)
  reynolds, ne
 (8)
  
 
 richfield, ne
 (2)
  richland, ne
 (8)
  rising city, ne
 (24)
  riverdale, ne
 (13)
  riverton, ne
 (6)
  roca, ne
 (53)
  rockville, ne
 (7)
  
 
 rogers, ne
 (2)
  rosalie, ne
 (9)
  roseland, ne
 (24)
  royal, ne
 (10)
  rulo, ne
 (15)
  rushville, ne
 (85)
  ruskin, ne
 (15)
  

 
s

 
 saint edward, ne
 (79)
  saint helena, ne
 (4)
  saint libory, ne
 (13)
  saint paul, ne
 (156)
  salem, ne
 (5)
  sargent, ne
 (48)
  saronville, ne
 (2)
  saunders, ne
 (1)
  schuyler, ne
 (216)
  scotia, ne
 (36)
  scottsbluff, ne
 (1542)
  scribner, ne
 (79)
  seneca, ne
 (4)
  seward, ne
 (484)
  shelby, ne
 (39)
  shelton, ne
 (54)
  shickley, ne
 (54)
  shubert, ne
 (7)
  
 
 sidney, ne
 (520)
  silver creek, ne
 (38)
  smithfield, ne
 (6)
  snyder, ne
 (26)
  south bend, ne
 (1)
  south sioux city, ne
 (546)
  south yankton, ne
 (2)
  spalding, ne
 (64)
  sparks, ne
 (4)
  spencer, ne
 (66)
  sprague, ne
 (6)
  springfield, ne
 (91)
  springview, ne
 (63)
  st columbans, ne
 (1)
  stamford, ne
 (10)
  stanton, ne
 (129)
  staplehurst, ne
 (14)
  
 
 stapleton, ne
 (55)
  steele city, ne
 (7)
  steinauer, ne
 (7)
  stella, ne
 (16)
  sterling, ne
 (35)
  stockville, ne
 (4)
  strang, ne
 (5)
  stratton, ne
 (32)
  stromsburg, ne
 (105)
  stuart, ne
 (63)
  sumner, ne
 (14)
  superior, ne
 (216)
  surprise, ne
 (2)
  sutherland, ne
 (73)
  sutton, ne
 (160)
  swanton, ne
 (9)
  syracuse, ne
 (201)
  

 
t

 
 table rock, ne
 (27)
  talmage, ne
 (19)
  tarnov, ne
 (2)
  taylor, ne
 (30)
  tecumseh, ne
 (181)
  
 
 tekamah, ne
 (147)
  thedford, ne
 (57)
  thurston, ne
 (6)
  tilden, ne
 (76)
  
 
 tobias, ne
 (13)
  trenton, ne
 (60)
  trumbull, ne
 (22)
  tryon, ne
 (29)
  

 
u

 
 uehling, ne
 (18)
  ulysses, ne
 (27)
  
 
 unadilla, ne
 (14)
  union, ne
 (21)
  
 
 upland, ne
 (9)
  utica, ne
 (51)
  

 
v

 
 valentine, ne
 (349)
  valley, ne
 (102)
  valparaiso, ne
 (41)
  
 
 venango, ne
 (26)
  verdigre, ne
 (77)
  
 
 verdon, ne
 (9)
  virginia, ne
 (6)
  

 
w

 
 waco, ne
 (32)
  wahoo, ne
 (391)
  wakefield, ne
 (83)
  wallace, ne
 (54)
  walthill, ne
 (47)
  walton, ne
 (17)
  washington, ne
 (3)
  waterbury, ne
 (4)
  waterloo, ne
 (84)
  wauneta, ne
 (99)
  wausa, ne
 (83)
  waverly, ne
 (132)
  
 
 wayne, ne
 (344)
  weeping water, ne
 (95)
  wellfleet, ne
 (9)
  west point, ne
 (270)
  western, ne
 (24)
  westerville, ne
 (2)
  weston, ne
 (27)
  whiteclay, ne
 (12)
  whitman, ne
 (8)
  whitney, ne
 (2)
  wilber, ne
 (113)
  wilcox, ne
 (33)
  
 
 willow island, ne
 (3)
  wilsonville, ne
 (4)
  winnebago, ne
 (63)
  winnetoon, ne
 (5)
  winside, ne
 (24)
  winslow, ne
 (2)
  wisner, ne
 (166)
  wolbach, ne
 (26)
  wood lake, ne
 (9)
  wood river, ne
 (78)
  wymore, ne
 (82)
  wynot, ne
 (37)
  

 
y

 
 york, ne
 (689)
  
 
 yutan, ne
 (47)
  
 
 

 














download wowfie



a social photo editor app & selfie camera!
 
your photo in a million designs!













news & stories








 




 popular cities in nebraska

  alliance, ne  (529)   aurora, ne  (625)   beatrice, ne  (919)   bellevue, ne  (1275)   blair, ne  (591)   columbus, ne  (1497)   fremont, ne  (1311)   grand island, ne  (2538)   hastings, ne  (1662)   kearney, ne  (2111)   lincoln, ne  (11742)   mccook, ne  (637)   nebraska city, ne  (555)   norfolk, ne  (1703)   north platte, ne  (1565)   omaha, ne  (18934)   papillion, ne  (855)   scottsbluff, ne  (1542)   south sioux city, ne  (546)   york, ne  (689)  








shareblast funny jokes, images, videos,
 gifs for whatsapp & facebook







back to top










  about us  |
 contact us  |
 privacy policy  |

terms of use


  nebraska site map  



copyright © 2018 allpages.com all rights reserved.




































