











michigan yellow pages | mi yellow pages | allpages.com



 

































michigan yellow pages
 michigan yellow pages




 



  
a

 
 acme, mi
 (25)
  acme township, mi
 (10)
  ada, mi
 (429)
  ada township, mi
 (11)
  adams township, mi
 (8)
  addison, mi
 (79)
  addison township, mi
 (2)
  adrian, mi
 (1456)
  afton, mi
 (15)
  ahmeek, mi
 (4)
  akron, mi
 (28)
  alaiedon township, mi
 (2)
  alanson, mi
 (155)
  alba, mi
 (18)
  albion, mi
 (386)
  alden, mi
 (48)
  alger, mi
 (54)
  algoma township, mi
 (2)
  algonac, mi
 (184)
  allegan, mi
 (572)
  allen, mi
 (51)
  allen park, mi
 (790)
  
 
 allendale, mi
 (448)
  allenton, mi
 (34)
  allouez, mi
 (3)
  allouez township, mi
 (3)
  alma, mi
 (584)
  almont, mi
 (178)
  alpena, mi
 (1196)
  alpha, mi
 (3)
  alpine township, mi
 (5)
  alto, mi
 (97)
  amasa, mi
 (4)
  amboy township, mi
 (1)
  amheim, mi
 (1)
  amherstburg, mi
 (1)
  anchorville, mi
 (9)
  ann arbor, mi
 (7055)
  applegate, mi
 (23)
  arbela township, mi
 (1)
  arcadia, mi
 (31)
  argyle, mi
 (6)
  armada, mi
 (147)
  arnheim, mi
 (2)
  
 
 arnold, mi
 (3)
  ash township, mi
 (1)
  ashland township, mi
 (2)
  ashley, mi
 (51)
  assyria township, mi
 (1)
  athens, mi
 (65)
  athens township, mi
 (2)
  atlanta, mi
 (142)
  atlantic mine, mi
 (38)
  atlas, mi
 (6)
  attica, mi
 (71)
  au gres, mi
 (160)
  au train, mi
 (30)
  auburn, mi
 (193)
  auburn heights, mi
 (1)
  auburn hills, mi
 (1542)
  augusta, mi
 (128)
  augusta township, mi
 (7)
  aurora, mi
 (2)
  austin township, mi
 (1)
  avoca, mi
 (5)
  azalia, mi
 (5)
  

 
b

 
 bad axe, mi
 (474)
  bailey, mi
 (17)
  baldwin, mi
 (207)
  bancroft, mi
 (38)
  banfield, mi
 (2)
  bangor, mi
 (151)
  bangor township, mi
 (2)
  bannister, mi
 (11)
  baraga, mi
 (200)
  barbeau, mi
 (14)
  bark river, mi
 (60)
  baroda, mi
 (90)
  barryton, mi
 (59)
  barton city, mi
 (9)
  barton township, mi
 (1)
  bath, mi
 (96)
  bath township, mi
 (2)
  battle creek, mi
 (2824)
  bay city, mi
 (2423)
  bay harbor, mi
 (1)
  bay port, mi
 (25)
  bay shore, mi
 (1)
  bay view, mi
 (10)
  bear creek township, mi
 (4)
  bear lake, mi
 (135)
  beaver island, mi
 (125)
  beaver township, mi
 (1)
  beaverton, mi
 (189)
  bedford, mi
 (3)
  belding, mi
 (267)
  bellaire, mi
 (269)
  belleville, mi
 (1003)
  bellevue, mi
 (90)
  belmont, mi
 (185)
  bentley, mi
 (4)
  benton harbor, mi
 (1407)
  benton township, mi
 (5)
  benzonia, mi
 (130)
  benzonia township, mi
 (1)
  bergland, mi
 (14)
  
 
 bergland township, mi
 (8)
  berkley, mi
 (525)
  berlin, mi
 (9)
  berrien center, mi
 (28)
  berrien springs, mi
 (310)
  berrien township, mi
 (1)
  bertrand township, mi
 (3)
  berville, mi
 (4)
  bessemer, mi
 (146)
  bessemer township, mi
 (13)
  beulah, mi
 (145)
  beverly hills, mi
 (212)
  big bay, mi
 (10)
  big rapids, mi
 (842)
  bingham farms, mi
 (606)
  bingham township, mi
 (1)
  birch creek, mi
 (1)
  birch run, mi
 (345)
  birmingham, mi
 (1929)
  bitely, mi
 (30)
  black river, mi
 (11)
  blaine township, mi
 (1)
  blair township, mi
 (2)
  blanchard, mi
 (105)
  blissfield, mi
 (212)
  bloomfield, mi
 (10)
  bloomfield hills, mi
 (2155)
  bloomfield township, mi
 (2)
  bloomingdale, mi
 (108)
  bloomington, mi
 (1)
  bois blanc, mi
 (2)
  bois blanc island, mi
 (1)
  boon, mi
 (9)
  boston township, mi
 (1)
  bowne township, mi
 (3)
  boyne city, mi
 (313)
  boyne falls, mi
 (84)
  bradley, mi
 (5)
  branch, mi
 (25)
  branch township, mi
 (2)
  
 
 brandon township, mi
 (1)
  brant, mi
 (15)
  breckenridge, mi
 (74)
  breedsville, mi
 (4)
  breitung township, mi
 (6)
  brethren, mi
 (32)
  brevort township, mi
 (5)
  bridgeport, mi
 (161)
  bridgeport township, mi
 (1)
  bridgewater, mi
 (1)
  bridgman, mi
 (192)
  brighton, mi
 (2292)
  brimley, mi
 (153)
  britton, mi
 (43)
  brockway, mi
 (60)
  brohman, mi
 (5)
  bronson, mi
 (121)
  brooklyn, mi
 (427)
  brooks township, mi
 (1)
  brown city, mi
 (139)
  brownstown, mi
 (83)
  brownstown township, mi
 (259)
  bruce crossing, mi
 (68)
  bruce township, mi
 (172)
  brutus, mi
 (23)
  buchanan, mi
 (246)
  buckley, mi
 (98)
  burlington, mi
 (30)
  burndale, mi
 (1)
  burnips, mi
 (5)
  burnside twp, mi
 (1)
  burr oak, mi
 (51)
  burt, mi
 (25)
  burt lake, mi
 (2)
  burtchville, mi
 (35)
  burton, mi
 (1042)
  butman township, mi
 (1)
  byron, mi
 (53)
  byron center, mi
 (627)
  byron township, mi
 (25)
  

 
c

 
 cadillac, mi
 (1179)
  caledonia, mi
 (538)
  caledonia township, mi
 (1)
  calumet, mi
 (239)
  calumet township, mi
 (4)
  camden, mi
 (100)
  campbell township, mi
 (2)
  canadian lake, mi
 (1)
  cannonsburg, mi
 (1)
  canton, mi
 (2013)
  canton township, mi
 (4)
  capac, mi
 (76)
  carleton, mi
 (211)
  carney, mi
 (56)
  caro, mi
 (669)
  carp lake, mi
 (17)
  carr, mi
 (15)
  carrollton, mi
 (28)
  carson city, mi
 (132)
  carsonville, mi
 (43)
  casco, mi
 (104)
  caseville, mi
 (100)
  casnovia, mi
 (34)
  caspian, mi
 (30)
  cass city, mi
 (215)
  cassopolis, mi
 (267)
  cedar, mi
 (83)
  cedar lake, mi
 (7)
  cedar river, mi
 (6)
  cedar springs, mi
 (329)
  cedarville, mi
 (123)
  cedarville township, mi
 (1)
  cement city, mi
 (78)
  center line, mi
 (371)
  center township, mi
 (1)
  central lake, mi
 (91)
  centreville, mi
 (133)
  ceresco, mi
 (10)
  
 
 champion, mi
 (32)
  champion township, mi
 (5)
  channing, mi
 (17)
  charleston township, mi
 (2)
  charlevoix, mi
 (552)
  charlotte, mi
 (635)
  charter township of clinton, mi
 (1)
  chase, mi
 (12)
  chassell, mi
 (81)
  chatham, mi
 (49)
  cheboygan, mi
 (659)
  chelsea, mi
 (535)
  chesaning, mi
 (324)
  chesterfield, mi
 (1065)
  chesterfield township, mi
 (2)
  chikaming township, mi
 (4)
  china, mi
 (64)
  chippewa lake, mi
 (8)
  christmas, mi
 (1)
  clare, mi
 (454)
  clarion, mi
 (1)
  clarklake, mi
 (88)
  clarkston, mi
 (1345)
  clarksville, mi
 (42)
  clawson, mi
 (490)
  clay, mi
 (91)
  clayton, mi
 (41)
  clayton township, mi
 (2)
  clifford, mi
 (22)
  climax, mi
 (50)
  clinton, mi
 (151)
  clinton township, mi
 (3354)
  clio, mi
 (588)
  cloverdale, mi
 (7)
  clyde, mi
 (51)
  cohoctah, mi
 (2)
  coldwater, mi
 (1082)
  coleman, mi
 (101)
  
 
 coloma, mi
 (282)
  colomo, mi
 (1)
  colon, mi
 (77)
  columbia township, mi
 (1)
  columbiaville, mi
 (78)
  columbus, mi
 (74)
  comins, mi
 (16)
  commerce, mi
 (3)
  commerce township, mi
 (1217)
  comstock, mi
 (14)
  comstock park, mi
 (559)
  comstock township, mi
 (6)
  concord, mi
 (126)
  conklin, mi
 (40)
  constantine, mi
 (122)
  conway, mi
 (3)
  conway township, mi
 (3)
  cooks, mi
 (20)
  coopersville, mi
 (318)
  copemish, mi
 (52)
  copper city, mi
 (4)
  copper harbor, mi
 (29)
  coral, mi
 (17)
  cornell, mi
 (16)
  corunna, mi
 (189)
  cottrellville, mi
 (71)
  covert, mi
 (45)
  covington, mi
 (25)
  crockery township, mi
 (3)
  cross village, mi
 (1)
  croswell, mi
 (176)
  crystal, mi
 (73)
  crystal falls, mi
 (177)
  crystal lake township, mi
 (1)
  curran, mi
 (12)
  curtis, mi
 (55)
  custer, mi
 (37)
  

 
d

 
 dafter, mi
 (19)
  dafter township, mi
 (2)
  daggett, mi
 (18)
  daggett township, mi
 (2)
  dansville, mi
 (40)
  davisburg, mi
 (134)
  davison, mi
 (701)
  dayton, mi
 (1)
  dayton township, mi
 (1)
  de tour village, mi
 (57)
  de witt, mi
 (1)
  dearborn, mi
 (3645)
  dearborn heights, mi
 (1179)
  decatur, mi
 (138)
  decker, mi
 (16)
  deckerville, mi
 (90)
  
 
 deep river township, mi
 (1)
  deer park, mi
 (2)
  deerfield, mi
 (62)
  deerton, mi
 (5)
  deford, mi
 (6)
  delhi township, mi
 (2)
  delta township, mi
 (4)
  delton, mi
 (228)
  denmark township, mi
 (2)
  detroit, mi
 (18268)
  dewitt, mi
 (343)
  dewitt township, mi
 (14)
  dexter, mi
 (470)
  dimondale, mi
 (106)
  dodgeville, mi
 (3)
  
 
 dollar bay, mi
 (12)
  dorr, mi
 (131)
  dorr township, mi
 (1)
  douglas, mi
 (125)
  dowagiac, mi
 (519)
  dowling, mi
 (32)
  drayton plains, mi
 (15)
  drummond island, mi
 (153)
  dryden, mi
 (100)
  dryden township, mi
 (1)
  dublin, mi
 (1)
  duluth, mi
 (1)
  dundee, mi
 (251)
  durand, mi
 (259)
  dutton, mi
 (2)
  

 
e

 
 eagle, mi
 (29)
  eagle harbor, mi
 (1)
  east bay township, mi
 (3)
  east china, mi
 (96)
  east detroit, mi
 (1)
  east grand rapids, mi
 (3)
  east jordan, mi
 (188)
  east lansing, mi
 (1742)
  east leroy, mi
 (28)
  east saracuse, mi
 (1)
  east syracuse, mi
 (1)
  east tawas, mi
 (264)
  eastlake, mi
 (2)
  eastpointe, mi
 (974)
  eastport, mi
 (5)
  
 
 eaton rapids, mi
 (298)
  eau claire, mi
 (91)
  eben junction, mi
 (9)
  eckerman, mi
 (27)
  ecorse, mi
 (192)
  edenville, mi
 (7)
  edmore, mi
 (156)
  edwardsburg, mi
 (232)
  elberta, mi
 (13)
  elk rapids, mi
 (182)
  elk rapids township, mi
 (3)
  elkton, mi
 (55)
  ellis township, mi
 (2)
  ellsworth, mi
 (44)
  ellsworth township, mi
 (1)
  
 
 elmira, mi
 (59)
  elsie, mi
 (71)
  elwell, mi
 (14)
  emmett, mi
 (36)
  empire, mi
 (105)
  engadine, mi
 (31)
  ensign township, mi
 (2)
  erie, mi
 (134)
  escanaba, mi
 (1080)
  escanaba township, mi
 (3)
  essexville, mi
 (241)
  eureka, mi
 (2)
  eureka township, mi
 (1)
  evart, mi
 (199)
  ewen, mi
 (56)
  

 
f

 
 fair haven, mi
 (5)
  fairgrove, mi
 (36)
  fairview, mi
 (48)
  falmouth, mi
 (43)
  fargo, mi
 (1)
  farmington, mi
 (1060)
  farmington hills, mi
 (3092)
  farwell, mi
 (146)
  felch, mi
 (22)
  felch township, mi
 (1)
  fennville, mi
 (210)
  fenton, mi
 (1139)
  fenton township, mi
 (1)
  fenwick, mi
 (13)
  ferndale, mi
 (1032)
  ferrysburg, mi
 (31)
  
 
 fife lake, mi
 (70)
  filer city, mi
 (3)
  filion, mi
 (10)
  fillmore township, mi
 (19)
  flat rock, mi
 (424)
  flint, mi
 (6364)
  flint township, mi
 (6)
  flushing, mi
 (520)
  forestville, mi
 (1)
  fort gratiot, mi
 (485)
  foster city, mi
 (4)
  fostoria, mi
 (34)
  fountain, mi
 (21)
  fowerville, mi
 (1)
  fowler, mi
 (62)
  fowlerville, mi
 (294)
  
 
 frankenmuth, mi
 (343)
  frankfort, mi
 (205)
  franklin, mi
 (118)
  franklin township, mi
 (4)
  fraser, mi
 (716)
  frederic, mi
 (36)
  free soil, mi
 (24)
  freeland, mi
 (328)
  freeman township, mi
 (1)
  freeport, mi
 (27)
  fremont, mi
 (535)
  fremont township, mi
 (2)
  frenchtown township, mi
 (1)
  frontier, mi
 (1)
  fruitport, mi
 (171)
  fulton, mi
 (13)
  

 
g

 
 gaastra, mi
 (8)
  gagetown, mi
 (17)
  gaines, mi
 (34)
  gaines township, mi
 (9)
  galesburg, mi
 (140)
  galien, mi
 (32)
  garden, mi
 (37)
  garden city, mi
 (729)
  garfield township, mi
 (15)
  gaylord, mi
 (1191)
  genesee, mi
 (35)
  genesee lapeer, mi
 (4)
  genesee township, mi
 (26)
  geneva township, mi
 (1)
  georgetown township, mi
 (10)
  germfask, mi
 (23)
  germfask township, mi
 (1)
  gibraltar, mi
 (3)
  gladstone, mi
 (280)
  gladwin, mi
 (500)
  glen arbor, mi
 (149)
  glendale, mi
 (1)
  
 
 glenn, mi
 (2)
  glennie, mi
 (44)
  gobles, mi
 (127)
  goetzville, mi
 (25)
  goodells, mi
 (10)
  goodison, mi
 (1)
  goodrich, mi
 (185)
  goodwell township, mi
 (2)
  gould city, mi
 (14)
  gowen, mi
 (37)
  grand blanc, mi
 (1332)
  grand blanc township, mi
 (14)
  grand haven, mi
 (1243)
  grand haven township, mi
 (1)
  grand junction, mi
 (45)
  grand ledge, mi
 (483)
  grand marais, mi
 (75)
  grand rapids, mi
 (14334)
  grand rapids township, mi
 (6)
  grandville, mi
 (1174)
  grant, mi
 (169)
  grant township, mi
 (14)
  
 
 grass lake, mi
 (158)
  grawn, mi
 (64)
  grayling, mi
 (489)
  green oak township, mi
 (4)
  greenbush, mi
 (25)
  greendale township, mi
 (1)
  greenland, mi
 (7)
  greenville, mi
 (719)
  greenwood, mi
 (16)
  gregory, mi
 (64)
  grosse ile, mi
 (184)
  grosse pointe, mi
 (353)
  grosse pointe farms, mi
 (311)
  grosse pointe park, mi
 (315)
  grosse pointe shores, mi
 (20)
  grosse pointe woods, mi
 (457)
  grout township, mi
 (1)
  groveland township, mi
 (5)
  gull lake, mi
 (1)
  gulliver, mi
 (38)
  gwinn, mi
 (207)
  

 
h

 
 hadley, mi
 (32)
  hagar shores, mi
 (1)
  hagar township, mi
 (2)
  hale, mi
 (204)
  hamburg, mi
 (42)
  hamburg township, mi
 (11)
  hamilton, mi
 (163)
  hamlin township, mi
 (1)
  hampton township, mi
 (2)
  hamtramck, mi
 (887)
  hancock, mi
 (297)
  hancock township, mi
 (1)
  hannahville, mi
 (2)
  hanover, mi
 (68)
  harbert, mi
 (23)
  harbor beach, mi
 (140)
  harbor springs, mi
 (517)
  hardwood, mi
 (1)
  harper woods, mi
 (439)
  harrietta, mi
 (14)
  harris, mi
 (2)
  harris township, mi
 (3)
  harrison, mi
 (345)
  harrison township, mi
 (507)
  harrisville, mi
 (140)
  harsens island, mi
 (39)
  hart, mi
 (277)
  
 
 hartford, mi
 (179)
  hartland, mi
 (234)
  haslett, mi
 (219)
  hastings, mi
 (648)
  hastings township, mi
 (1)
  hawks, mi
 (15)
  hayes township, mi
 (1)
  hazel park, mi
 (494)
  helena township, mi
 (1)
  hematite township, mi
 (1)
  hemlock, mi
 (165)
  henderson, mi
 (12)
  hermansville, mi
 (27)
  herron, mi
 (20)
  hersey, mi
 (41)
  hesperia, mi
 (92)
  hessel, mi
 (39)
  hiawatha, mi
 (1)
  hickory corners, mi
 (51)
  higgins lake, mi
 (7)
  highland, mi
 (547)
  highland park, mi
 (681)
  highland township, mi
 (1)
  hillman, mi
 (116)
  hillsdale, mi
 (610)
  hillsdale township, mi
 (1)
  holland, mi
 (3300)
  
 
 holland township, mi
 (10)
  holly, mi
 (499)
  holt, mi
 (449)
  holton, mi
 (58)
  homer, mi
 (117)
  homer township, mi
 (1)
  honor, mi
 (125)
  hope, mi
 (40)
  hopkins, mi
 (85)
  horton, mi
 (76)
  houghton, mi
 (475)
  houghton lake, mi
 (401)
  houghton lake heights, mi
 (3)
  houghton township, mi
 (1)
  howard city, mi
 (169)
  howell, mi
 (1843)
  hubbard lake, mi
 (43)
  hubbardston, mi
 (17)
  hubbell, mi
 (7)
  hudson, mi
 (190)
  hudson township, mi
 (1)
  hudsonville, mi
 (690)
  hulbert, mi
 (14)
  humboldt township, mi
 (1)
  huntington woods, mi
 (140)
  huron township, mi
 (1)
  huron valley, mi
 (1)
  

 
i

 
 ida, mi
 (77)
  idlewild, mi
 (13)
  imlay city, mi
 (408)
  independence, mi
 (2)
  indian river, mi
 (245)
  ingalls, mi
 (7)
  inkster, mi
 (453)
  
 
 interlochen, mi
 (142)
  ionia, mi
 (529)
  iosco township, mi
 (1)
  ira, mi
 (161)
  iron mount hfx north, mi
 (1)
  iron mountain, mi
 (819)
  iron river, mi
 (267)
  
 
 irons, mi
 (49)
  ironwood, mi
 (412)
  ironwood township, mi
 (2)
  ishpeming, mi
 (370)
  ishpeming township, mi
 (1)
  ithaca, mi
 (264)
  

 
j

 
 jackson, mi
 (3816)
  jamestown, mi
 (16)
  jamestown township, mi
 (3)
  jasper, mi
 (246)
  
 
 jeddo, mi
 (25)
  jenison, mi
 (565)
  jerome, mi
 (65)
  johannesburg, mi
 (37)
  
 
 jones, mi
 (32)
  jonesville, mi
 (223)
  jordan township, mi
 (1)
  

 
k

 
 kalamazoo, mi
 (5287)
  kaleva, mi
 (81)
  kalkaska, mi
 (419)
  kalkaska township, mi
 (5)
  kawkawlin, mi
 (135)
  kawkawlin township, mi
 (3)
  kearney township, mi
 (6)
  keego harbor, mi
 (185)
  
 
 kendall, mi
 (2)
  kenockee, mi
 (17)
  kent city, mi
 (95)
  kentwood, mi
 (41)
  kewadin, mi
 (46)
  keweenaw bay, mi
 (2)
  kimball, mi
 (244)
  kincheloe, mi
 (84)
  
 
 kincheloe afb, mi
 (3)
  kinde, mi
 (47)
  kingsford, mi
 (242)
  kingsley, mi
 (166)
  kingston, mi
 (41)
  kinross, mi
 (35)
  kochville township, mi
 (3)
  koehler township, mi
 (2)
  

 
l

 
 la salle, mi
 (41)
  la salle township, mi
 (1)
  lachine, mi
 (39)
  lacota, mi
 (2)
  laingsburg, mi
 (103)
  lake, mi
 (52)
  lake angelus, mi
 (1)
  lake ann, mi
 (63)
  lake city, mi
 (324)
  lake george, mi
 (9)
  lake isabella, mi
 (2)
  lake leelanau, mi
 (80)
  lake linden, mi
 (65)
  lake odessa, mi
 (168)
  lake orion, mi
 (1012)
  lakefield township, mi
 (4)
  lakeland, mi
 (5)
  lakeport, mi
 (27)
  lakes of the north, mi
 (8)
  lakeside, mi
 (23)
  lakeview, mi
 (157)
  lakeville, mi
 (2)
  lambertville, mi
 (276)
  lamont, mi
 (2)
  lanse, mi
 (310)
  
 
 lansing, mi
 (6587)
  lapeer, mi
 (1325)
  lapeer township, mi
 (1)
  las vegas, mi
 (1)
  lathrup village, mi
 (327)
  laurium, mi
 (54)
  lawrence, mi
 (86)
  lawton, mi
 (147)
  lee township, mi
 (1)
  leelanau township, mi
 (6)
  leighton township, mi
 (1)
  leland, mi
 (83)
  leland township, mi
 (6)
  lennon, mi
 (64)
  lenox, mi
 (88)
  leonard, mi
 (84)
  leonidas, mi
 (19)
  leroy, mi
 (56)
  leroy township, mi
 (1)
  leslie, mi
 (141)
  levering, mi
 (33)
  lewiston, mi
 (149)
  lexington, mi
 (166)
  lincoln, mi
 (78)
  lincoln park, mi
 (775)
  
 
 lincoln township, mi
 (32)
  linden, mi
 (223)
  linwood, mi
 (95)
  litchfield, mi
 (120)
  little lake, mi
 (6)
  little traverse township, mi
 (8)
  littlefield township, mi
 (7)
  livingston county, mi
 (1)
  livionia, mi
 (2)
  livonia, mi
 (4294)
  london, mi
 (1)
  long lake, mi
 (3)
  long lake township, mi
 (1)
  longview, mi
 (1)
  loretto, mi
 (2)
  lost peninsula, mi
 (1)
  lowell, mi
 (420)
  ludington, mi
 (937)
  luna pier, mi
 (34)
  lupton, mi
 (27)
  luther, mi
 (20)
  luzerne, mi
 (22)
  lynn, mi
 (6)
  lyon township, mi
 (26)
  lyons, mi
 (22)
  

 
m

 
 macatawa, mi
 (10)
  mackinac island, mi
 (144)
  mackinaw city, mi
 (219)
  mackinaw township, mi
 (4)
  macomb, mi
 (1124)
  macomb township, mi
 (1)
  madison heights, mi
 (1674)
  madison hts, mi
 (1)
  mancelona, mi
 (184)
  manchester, mi
 (176)
  manistee, mi
 (684)
  manistee township, mi
 (1)
  manistique, mi
 (386)
  manitou beach, mi
 (67)
  manton, mi
 (113)
  maple city, mi
 (83)
  maple rapids, mi
 (21)
  marcellus, mi
 (98)
  marengo, mi
 (1)
  marengo township, mi
 (2)
  marenisco, mi
 (44)
  marine city, mi
 (259)
  marion, mi
 (92)
  marlette, mi
 (285)
  marne, mi
 (87)
  marquette, mi
 (1844)
  marshall, mi
 (632)
  martin, mi
 (56)
  marysville, mi
 (364)
  mason, mi
 (548)
  mass city, mi
 (27)
  mastodon township, mi
 (1)
  mattawan, mi
 (215)
  maybee, mi
 (47)
  mayfield, mi
 (5)
  
 
 mayville, mi
 (82)
  mc bain, mi
 (102)
  mc millan, mi
 (20)
  mcbrides, mi
 (8)
  mcmillan, mi
 (2)
  mcmillan township, mi
 (6)
  mears, mi
 (56)
  mecosta, mi
 (99)
  mecosta chippewa lake, mi
 (8)
  mecosta township, mi
 (2)
  melrose township, mi
 (13)
  melstrand, mi
 (1)
  melvin, mi
 (12)
  melvindale, mi
 (292)
  memphis, mi
 (61)
  mendon, mi
 (72)
  menominee, mi
 (456)
  menominee township, mi
 (2)
  meriden ct, mi
 (1)
  merrill, mi
 (79)
  merritt, mi
 (18)
  mesick, mi
 (194)
  metamora, mi
 (196)
  michigamme, mi
 (11)
  michigamme township, mi
 (8)
  michigan center, mi
 (145)
  middle branch township, mi
 (2)
  middleton, mi
 (31)
  middleville, mi
 (178)
  midland, mi
 (2184)
  mikado, mi
 (16)
  milan, mi
 (306)
  milan township, mi
 (2)
  milford, mi
 (726)
  millersburg, mi
 (49)
  
 
 millington, mi
 (220)
  minden city, mi
 (24)
  mio, mi
 (236)
  mohawk, mi
 (46)
  moline, mi
 (15)
  monroe, mi
 (1972)
  monroe township, mi
 (1)
  montague, mi
 (169)
  montcalm township, mi
 (1)
  monterey township, mi
 (2)
  montgomery, mi
 (17)
  montrose, mi
 (214)
  moran, mi
 (17)
  moran township, mi
 (2)
  morenci, mi
 (131)
  moreno valley, mi
 (1)
  morley, mi
 (46)
  morrice, mi
 (85)
  moscow, mi
 (1)
  mosherville, mi
 (3)
  mount clemens, mi
 (1141)
  mount morris, mi
 (406)
  mount morris township, mi
 (36)
  mount pleasant, mi
 (1799)
  muir, mi
 (16)
  mullett lake, mi
 (1)
  mulliken, mi
 (43)
  mundy township, mi
 (3)
  munger, mi
 (32)
  munising, mi
 (476)
  munith, mi
 (42)
  muskegon, mi
 (3399)
  muskegon heights, mi
 (3)
  mussey, mi
 (48)
  

 
n

 
 nadeau, mi
 (5)
  nahma, mi
 (4)
  nahma township, mi
 (1)
  napoleon, mi
 (30)
  nashville, mi
 (79)
  national city, mi
 (35)
  naubinway, mi
 (32)
  nazareth, mi
 (1)
  neebish island, mi
 (1)
  negaunee, mi
 (245)
  negaunee township, mi
 (7)
  new baltimore, mi
 (399)
  new boston, mi
 (169)
  new buffalo, mi
 (348)
  new buffalo township, mi
 (8)
  new era, mi
 (70)
  new haven, mi
 (142)
  
 
 new hudson, mi
 (252)
  new lothrop, mi
 (74)
  new troy, mi
 (9)
  newaygo, mi
 (305)
  newberry, mi
 (281)
  newkirk township, mi
 (1)
  newport, mi
 (168)
  newton township, mi
 (5)
  niagara, mi
 (1)
  niles, mi
 (1162)
  niles township, mi
 (4)
  nisula, mi
 (2)
  north adams, mi
 (57)
  north branch, mi
 (160)
  north huron, mi
 (8)
  north land olakes, mi
 (1)
  
 
 north muskegon, mi
 (5)
  north star, mi
 (2)
  north street, mi
 (12)
  northfield township, mi
 (2)
  northport, mi
 (96)
  northville, mi
 (1136)
  northvl twp, mi
 (1)
  northwest, mi
 (1)
  norton shores, mi
 (855)
  norvell, mi
 (3)
  norvell township, mi
 (1)
  norway, mi
 (156)
  nottawa, mi
 (5)
  novi, mi
 (2249)
  nunda township, mi
 (2)
  nunica, mi
 (110)
  

 
o

 
 oak park, mi
 (1257)
  oakfield township, mi
 (1)
  oakland, mi
 (78)
  oakland township, mi
 (8)
  oakley, mi
 (32)
  oden, mi
 (1)
  okemos, mi
 (1131)
  old mission, mi
 (4)
  olive township, mi
 (3)
  olivet, mi
 (66)
  omena, mi
 (4)
  omer, mi
 (41)
  onaway, mi
 (136)
  oneida, mi
 (1)
  
 
 onekama, mi
 (65)
  online, mi
 (1)
  onondaga, mi
 (25)
  onsted, mi
 (160)
  ontonagon, mi
 (326)
  orange, mi
 (1)
  orangeville, mi
 (1)
  orchard lake, mi
 (70)
  orient township, mi
 (1)
  orion, mi
 (44)
  orleans, mi
 (35)
  oronoko township, mi
 (1)
  ortonville, mi
 (286)
  osceola township, mi
 (7)
  
 
 oscoda, mi
 (397)
  oshtemo, mi
 (16)
  oshtemo township, mi
 (1)
  osseo, mi
 (74)
  ossineke, mi
 (52)
  otisco township, mi
 (1)
  otisville, mi
 (105)
  otsego, mi
 (206)
  ottawa lake, mi
 (115)
  otter lake, mi
 (24)
  ovid, mi
 (100)
  owendale, mi
 (19)
  owosso, mi
 (1011)
  oxford, mi
 (601)
  

 
p

 
 painesdale, mi
 (5)
  palmer, mi
 (5)
  palms, mi
 (12)
  palmyra, mi
 (15)
  paradise, mi
 (82)
  parchment, mi
 (1)
  paris, mi
 (41)
  park township, mi
 (1)
  parma, mi
 (104)
  paw paw, mi
 (544)
  peacock township, mi
 (1)
  peck, mi
 (34)
  pelkie, mi
 (38)
  pellston, mi
 (65)
  pennfield township, mi
 (1)
  pentwater, mi
 (142)
  perkins, mi
 (6)
  perrinton, mi
 (27)
  perrisburg, mi
 (1)
  perronville, mi
 (2)
  perry, mi
 (186)
  
 
 perry township, mi
 (6)
  petersburg, mi
 (109)
  petoskey, mi
 (1317)
  pewamo, mi
 (33)
  philadelphia, mi
 (1)
  pickford, mi
 (99)
  pierport, mi
 (1)
  pierson, mi
 (27)
  pigeon, mi
 (198)
  pinckney, mi
 (333)
  pinconning, mi
 (262)
  pine grove township, mi
 (1)
  pipestone township, mi
 (4)
  pittsfield township, mi
 (4)
  pittsford, mi
 (52)
  plainfield township, mi
 (5)
  plainwell, mi
 (458)
  pleasant lake, mi
 (32)
  pleasant plains township, mi
 (7)
  pleasant ridge, mi
 (54)
  pleasantview township, mi
 (1)
  
 
 plymouth, mi
 (2030)
  pointe aux pins, mi
 (16)
  pompeii, mi
 (3)
  pontiac, mi
 (1911)
  port austin, mi
 (114)
  port hope, mi
 (45)
  port huron, mi
 (1832)
  port sanilac, mi
 (59)
  portage, mi
 (1957)
  portage township, mi
 (6)
  portland, mi
 (243)
  portland township, mi
 (1)
  portsmouth township, mi
 (1)
  posen, mi
 (55)
  potterville, mi
 (71)
  powell township, mi
 (4)
  powers, mi
 (47)
  prescott, mi
 (73)
  presque isle, mi
 (39)
  prudenville, mi
 (170)
  pullman, mi
 (42)
  

 
q

 
 quincy, mi
 (144)
  
 
 quinnesec, mi
 (40)
  
 
 

 
r

 
 raisinville township, mi
 (1)
  ralph, mi
 (2)
  ramsay, mi
 (11)
  rapid city, mi
 (62)
  rapid river, mi
 (74)
  rapid river township, mi
 (4)
  ravenna, mi
 (107)
  ray, mi
 (100)
  reading, mi
 (67)
  redford, mi
 (1309)
  reed city, mi
 (275)
  reese, mi
 (120)
  remus, mi
 (106)
  republic, mi
 (31)
  rhodes, mi
 (24)
  richland, mi
 (242)
  
 
 richland township, mi
 (3)
  richmond, mi
 (396)
  richville, mi
 (2)
  riga, mi
 (14)
  riley, mi
 (30)
  river rouge, mi
 (170)
  riverdale, mi
 (38)
  riverside, mi
 (2)
  riverview, mi
 (355)
  rives junction, mi
 (36)
  rochester, mi
 (1133)
  rochester hills, mi
 (2182)
  rock, mi
 (27)
  rock river township, mi
 (2)
  rockford, mi
 (738)
  rockland, mi
 (11)
  
 
 rockwood, mi
 (169)
  rodney, mi
 (22)
  rogers city, mi
 (254)
  romeo, mi
 (292)
  romulus, mi
 (1194)
  roscommon, mi
 (347)
  rose city, mi
 (140)
  rose township, mi
 (1)
  rosebush, mi
 (40)
  roseville, mi
 (1650)
  rothbury, mi
 (31)
  royal oak, mi
 (2381)
  royalton township, mi
 (5)
  rudyard, mi
 (69)
  rumely, mi
 (3)
  ruth, mi
 (12)
  

 
s

 
 sage township, mi
 (1)
  saginaw, mi
 (4756)
  sagola, mi
 (11)
  sagola township, mi
 (3)
  saint charles, mi
 (138)
  saint clair, mi
 (390)
  saint clair shores, mi
 (1783)
  saint helen, mi
 (97)
  saint ignace, mi
 (282)
  saint ignace township, mi
 (2)
  saint johns, mi
 (524)
  saint joseph, mi
 (1266)
  saint louis, mi
 (219)
  salem, mi
 (3)
  salem township, mi
 (8)
  saline, mi
 (664)
  samaria, mi
 (4)
  sand creek, mi
 (21)
  sand lake, mi
 (97)
  sand point, mi
 (1)
  sands township, mi
 (2)
  sandusky, mi
 (359)
  sanford, mi
 (189)
  saranac, mi
 (106)
  saugatuck, mi
 (227)
  sault sainte marie, mi
 (985)
  saunemin, mi
 (1)
  sawyer, mi
 (90)
  schoolcraft, mi
 (179)
  scio township, mi
 (2)
  scotts, mi
 (45)
  scottville, mi
 (160)
  sears, mi
 (23)
  sebewa township, mi
 (1)
  sebewaing, mi
 (104)
  selfridge air nation, mi
 (1)
  
 
 selfridge angb, mi
 (5)
  seney, mi
 (21)
  shaftsburg, mi
 (2)
  sharon township, mi
 (1)
  shebly, mi
 (1)
  shelby, mi
 (210)
  shelby township, mi
 (2423)
  shelbyville, mi
 (59)
  shepherd, mi
 (135)
  sheridan, mi
 (79)
  sherman township, mi
 (2)
  sherwood, mi
 (17)
  shingleton, mi
 (39)
  sidnaw, mi
 (8)
  sidney, mi
 (15)
  silverwood, mi
 (7)
  sister lakes, mi
 (1)
  six lakes, mi
 (36)
  skandia, mi
 (41)
  skanee, mi
 (12)
  smiths creek, mi
 (26)
  snover, mi
 (22)
  sodus, mi
 (37)
  sodus township, mi
 (8)
  solon township, mi
 (5)
  somerset, mi
 (6)
  somerset center, mi
 (9)
  somerset city, mi
 (2)
  soutfield, mi
 (3)
  south arm township, mi
 (1)
  south boardman, mi
 (63)
  south branch, mi
 (16)
  south haven, mi
 (739)
  south lyon, mi
 (663)
  south range, mi
 (28)
  
 
 south rockwood, mi
 (44)
  south sainte marie, mi
 (1)
  southfield, mi
 (6416)
  southgate, mi
 (856)
  spalding, mi
 (18)
  spalding township, mi
 (5)
  sparta, mi
 (347)
  spring arbor, mi
 (112)
  spring lake, mi
 (453)
  springfield, mi
 (236)
  springfield township, mi
 (3)
  springport, mi
 (85)
  spruce, mi
 (36)
  spurr township, mi
 (1)
  stambaugh township, mi
 (1)
  standish, mi
 (302)
  stanton, mi
 (215)
  stanwood, mi
 (126)
  stephenson, mi
 (84)
  stephenson township, mi
 (2)
  sterling, mi
 (57)
  sterling heights, mi
 (3615)
  stevensville, mi
 (349)
  stockbridge, mi
 (138)
  sturgis, mi
 (695)
  summit township, mi
 (1)
  sumner, mi
 (18)
  sumpter township, mi
 (2)
  sunfield, mi
 (55)
  superior township, mi
 (4)
  surrey township, mi
 (1)
  suttons bay, mi
 (292)
  swartz creek, mi
 (432)
  sylvan beach, mi
 (1)
  sylvan lake, mi
 (146)
  

 
t

 
 tallmadge township, mi
 (2)
  tawas city, mi
 (269)
  taylor, mi
 (2019)
  taymouth township, mi
 (3)
  tecumseh, mi
 (521)
  tekonsha, mi
 (55)
  temperance, mi
 (381)
  thetford township, mi
 (3)
  thompsonville, mi
 (62)
  three oaks, mi
 (158)
  three rivers, mi
 (698)
  
 
 tipton, mi
 (34)
  toivola, mi
 (23)
  toledo, mi
 (1)
  topinabee, mi
 (5)
  torch lake, mi
 (1)
  torch lake township, mi
 (13)
  traverse, mi
 (3)
  traverse city, mi
 (4852)
  treetops village, mi
 (2)
  trenary, mi
 (41)
  trenton, mi
 (643)
  
 
 trout creek, mi
 (24)
  trout lake, mi
 (5)
  trout lake township, mi
 (11)
  troy, mi
 (5658)
  trufant, mi
 (21)
  turner, mi
 (13)
  tuscola township, mi
 (2)
  tustin, mi
 (41)
  twin lake, mi
 (111)
  twining, mi
 (40)
  

 
u

 
 ubly, mi
 (74)
  unadilla, mi
 (1)
  union, mi
 (37)
  
 
 union city, mi
 (118)
  union lake, mi
 (4)
  union pier, mi
 (56)
  
 
 unionville, mi
 (42)
  university center, mi
 (6)
  utica, mi
 (554)
  

 
v

 
 van buren township, mi
 (6)
  vandalia, mi
 (38)
  vanderbilt, mi
 (55)
  vassar, mi
 (229)
  
 
 vermontville, mi
 (48)
  vernon, mi
 (23)
  vestaburg, mi
 (55)
  vicksburg, mi
 (231)
  
 
 vienna township, mi
 (9)
  village of central l, mi
 (1)
  vulcan, mi
 (28)
  

 
w

 
 wakefield, mi
 (82)
  waldron, mi
 (57)
  wales, mi
 (26)
  walhalla, mi
 (6)
  walker, mi
 (17)
  walkerville, mi
 (37)
  wallace, mi
 (31)
  walled lake, mi
 (381)
  walloon lake, mi
 (10)
  warren, mi
 (4412)
  washington, mi
 (539)
  washington township, mi
 (7)
  waterford, mi
 (2329)
  waterford township, mi
 (2)
  waters, mi
 (12)
  watersmeet, mi
 (55)
  watersmeet township, mi
 (30)
  watervliet, mi
 (172)
  watervliet township, mi
 (1)
  watson township, mi
 (1)
  watton, mi
 (11)
  wawatam township, mi
 (1)
  wayland, mi
 (381)
  
 
 wayland township, mi
 (3)
  wayne, mi
 (624)
  webberville, mi
 (92)
  weidman, mi
 (110)
  wells, mi
 (14)
  wells township, mi
 (8)
  wellston, mi
 (75)
  west allis, mi
 (1)
  west bloomfield, mi
 (1745)
  west bloomfield township, mi
 (16)
  west branch, mi
 (630)
  west branch township, mi
 (7)
  west olive, mi
 (140)
  west traverse township, mi
 (3)
  westland, mi
 (1969)
  weston, mi
 (6)
  westphalia, mi
 (68)
  wetmore, mi
 (43)
  wheeler, mi
 (23)
  white cloud, mi
 (205)
  white lake, mi
 (505)
  white lake township, mi
 (1)
  white pigeon, mi
 (148)
  
 
 white pine, mi
 (41)
  whitehall, mi
 (299)
  whitelake, mi
 (1)
  whitmore lake, mi
 (314)
  whittaker, mi
 (2)
  whittemore, mi
 (61)
  williams township, mi
 (2)
  williamsburg, mi
 (223)
  williamston, mi
 (330)
  willis, mi
 (42)
  wilson, mi
 (34)
  windsor township, mi
 (4)
  winn, mi
 (22)
  wise township, mi
 (1)
  wixom, mi
 (1005)
  wolverine, mi
 (45)
  wolverine lake, mi
 (33)
  woodhaven, mi
 (298)
  woodland, mi
 (36)
  wright township, mi
 (4)
  wyandotte, mi
 (808)
  wyoming, mi
 (1632)
  

 
y

 
 yale, mi
 (97)
  yates township, mi
 (3)
  
 
 york township, mi
 (2)
  ypsilanti, mi
 (2342)
  
 
 ypsilanti township, mi
 (1)
  

 
z

 

 zeeland, mi
 (783)
  
 
 
 

 














download wowfie



a social photo editor app & selfie camera!
 
your photo in a million designs!













news & stories








 




 popular cities in michigan

  ann arbor, mi  (7055)   battle creek, mi  (2824)   clinton township, mi  (3354)   dearborn, mi  (3645)   detroit, mi  (18268)   farmington hills, mi  (3092)   flint, mi  (6364)   grand rapids, mi  (14334)   holland, mi  (3300)   jackson, mi  (3816)   kalamazoo, mi  (5287)   lansing, mi  (6587)   livonia, mi  (4294)   muskegon, mi  (3399)   saginaw, mi  (4756)   southfield, mi  (6416)   sterling heights, mi  (3615)   traverse city, mi  (4852)   troy, mi  (5658)   warren, mi  (4412)  








shareblast funny jokes, images, videos,
 gifs for whatsapp & facebook







back to top










  about us  |
 contact us  |
 privacy policy  |

terms of use


  michigan site map  



copyright © 2018 allpages.com all rights reserved.




































