
-home- about us | norman dean home for services, inc. located in de...









about us | contact us












-home- about us





home




*headlines*




contact us




about us




our staff




our facilities




our facebook page







upcoming services, obituaries





upcoming service schedule




obituaries




*veterans' wall of honor*




funeral planning resources




* who's in charge? *







directions, maps, local services





map & directions




bus/train




local hotels




local restaurants




local cemeteries




florists/other gifts







preplanning a funeral





preplanning




prepaying/prepaid trusts




prepay with insurance




prearrange online now







grief support





365 daily e-mails




understanding grief




10 facts about grief




grief after suicide




the loss of a spouse




the loss of a pet




a child’s perspective




helping children




help someone grieving




special days




in the workplace




understanding bereavement




*other resources*

















(full site map at bottom of all pages.)




recent obituaries



current services
past services







        loading...
    







                        marlena grace van vliet
                    

saturday, february 8, 2025








                        alicia calcagne sullivan
                    

saturday, february 15, 2025








                        claire bellak
                    

saturday, february 15, 2025








                        dominic e. dalton
                    

tuesday, february 4, 2025








                        timothy pazel
                    

tuesday, february 4, 2025








                        hector manuel ortiz
                    

thursday, february 6, 2025








                        richard r. seaman
                    

tuesday, february 11, 2025








                        martin j. margolin
                    

tuesday, february 11, 2025








                        florence kopec
                    

monday, january 27, 2025








                        edward c. ryaness
                    

sunday, february 2, 2025








                        michael john leonard
                    

wednesday, february 5, 2025








                        arthur  santo jr.
                    

tuesday, february 4, 2025








                        philip yu kung
                    

monday, february 3, 2025








                        cookie herlihy
                    

sunday, january 26, 2025








                        barbara daly
                    

monday, january 27, 2025








                        pat valva
                    

thursday, january 23, 2025








                        eugene p. mini
                    

tuesday, january 28, 2025








                        lyris cooper
                    

monday, january 27, 2025








                        john lewis amato
                    

monday, january 27, 2025








                        anthony j. passione
                    

wednesday, january 22, 2025








                        suzann lord-schaefer
                    

friday, january 17, 2025








                        james thomas duffin jr.
                    

saturday, january 11, 2025








                        william f. treanor
                    

friday, january 10, 2025








                        frances audrey neri
                    

tuesday, january 7, 2025








                        richard bartolazzi
                    

monday, january 6, 2025








                        richard j koch, jr.
                    

sunday, january 12, 2025








                        lorenza bautista mallari
                    

sunday, january 5, 2025








                        gary r. vittorio
                    

sunday, january 5, 2025








                        raymond j. wiest
                    

sunday, december 29, 2024








                        nancy l. sulpy
                    

tuesday, january 7, 2025








                        george ronald auth
                    

saturday, december 14, 2024








                        elizabeth catherine brady
                    

tuesday, december 17, 2024








                        irene teresia johnson
                    

sunday, december 29, 2024








                        peggy perricane
                    

thursday, december 26, 2024








                        jennifer myers
                    

wednesday, december 18, 2024








                        linda marie zrike
                    

saturday, december 28, 2024








                        erwin frank conrad
                    

wednesday, december 25, 2024








                        daniel david stalter, ii
                    

monday, december 23, 2024








                        carole cenno
                    

monday, december 9, 2024








                        anna mary bertolini
                    

sunday, december 15, 2024








                        barbara jane massaro
                    

saturday, december 7, 2024








                        eleanor hoeflinger
                    

saturday, december 14, 2024








                        wanda  modica
                    

saturday, december 14, 2024








                        john p. sulpy, sr.
                    

saturday, december 14, 2024








                        gabriel blackbird emering
                    

thursday, december 12, 2024








                        maureen m. carolan
                    

sunday, december 1, 2024








                        carol christina lane
                    

monday, december 9, 2024








                        alfonso cassetta
                    

sunday, december 8, 2024








                        dean anthony fordi
                    

saturday, november 30, 2024








                        teresa vero castelluccio
                    

monday, december 2, 2024








                        erich carl franz
                    

friday, november 29, 2024








                        michael r. lopardo
                    

friday, november 29, 2024








                        jessica marie baker
                    

tuesday, november 26, 2024








                        tracy scott egbert
                    

monday, november 25, 2024








                        bruce douglas sinclair
                    

friday, november 29, 2024








                        william j. malvey
                    

monday, november 11, 2024








                        rose elias
                    

monday, november 25, 2024








                        kimberly ann douglas
                    

friday, november 22, 2024








                        joseph f. racine
                    

saturday, november 16, 2024








                        francis joseph brescher, jr.
                    

thursday, november 21, 2024








                        carol jane kiernan
                    

wednesday, november 20, 2024








                        lorraine mady
                    

wednesday, november 20, 2024








                        william kenneth walsh
                    

sunday, november 10, 2024








                        louis r. maffei, md
                    

thursday, november 7, 2024








                        roseanne marian jones
                    

tuesday, november 5, 2024








                        louisa brown
                    

saturday, november 2, 2024








                        michael wayne harris
                    

friday, november 1, 2024








                        paul james simms jr.
                    

thursday, october 31, 2024








                        neil allen svendsen
                    

thursday, november 7, 2024








                        walter ernst kaufmann
                    

wednesday, november 6, 2024








                        anthony cacciabeve
                    

tuesday, november 5, 2024








                        anna koenig
                    

tuesday, november 5, 2024








                        mary ann harrison
                    

sunday, october 27, 2024








                        anthony piccione, jr.
                    

saturday, october 26, 2024








                        june c. paris
                    

thursday, october 31, 2024








                        michelle teresa bozza
                    

tuesday, october 22, 2024








                        mary ann grasso
                    

wednesday, october 23, 2024








                        eric andrew tell
                    

saturday, october 26, 2024








                        peggy carrigg
                    

sunday, october 20, 2024








                        maya sophia tajudeen
                    

friday, october 18, 2024








                        richard e. wilde
                    

tuesday, october 22, 2024








                        ann n. ransegnola
                    

wednesday, october 16, 2024








                        josephine a. vegso
                    

monday, october 21, 2024








                        dr. elmer s. gilo
                    

monday, october 7, 2024








                        antonia goffredo
                    

monday, october 14, 2024








                        patricia farinacci fisher
                    

thursday, october 17, 2024








                        victor john urban
                    

monday, october 7, 2024








                        bernadette s. miller
                    

monday, september 9, 2024








                        sharon lynn daly
                    

sunday, october 6, 2024








                        alice dorothy lyko
                    

saturday, september 21, 2024








                        evelyn  washkau
                    

sunday, october 6, 2024








                        jane maria griglak
                    

thursday, october 10, 2024







                        susan lynn coll
                    

tuesday, october 8, 2024








                        kathleen m. pedersen
                    

tuesday, september 24, 2024








                        charles j. fischer
                    

saturday, july 27, 2024








                        william "bill" penney
                    

friday, september 6, 2024








                        anthony verderano, jr.
                    

wednesday, september 25, 2024








                        peggy jean lazaro
                    

thursday, october 3, 2024








                        patrick anthony smith
                    

sunday, september 22, 2024








                        al parzanese
                    

thursday, september 19, 2024



view all
receive notifications















headlines   2023    11/06 make the connection uses veterans' experiences to help other veterans and their families...   2022   03/22 free and low cost addiction help ("free rehab centers") is now linked from our other resources page.   2021    12/21 how to close (over 230) online accounts and services when someone dies.12/21 we've added a link to a social media addiction and cyber bullying guide.   2020    11/24 please send family and friends directly to normandean.com! why it matters...08/12 we've added another bereavement gift option to our florists page (memorial art)...01/17 a "denville life" article lends insight into what drives norman dean home for services.01/14 medicaid applications got easier for morris county residents on january 1st.   2019    09/04 recovery zone solutions offers medically assisted addiction treatment.04/16 we've just added another resource for those suffering from substance abuse and mental health disorders.   2018    10/22 we are now linking to a couple of drug and alcohol addiction resources, an area of growing need.10/17 support wreaths across america/denville & put remembrance wreaths on veterans' graves in denville!03/18 we’d like to share a resource for the elderly and those with mental illness or developmental disabilities.01/29 we are very proud to sponsor vital ice! get your free copy today. (use code 1880 when prompted.)   2017    06/21 thank you for your incredible generosity in helping ensure a beautiful service for mallory rose.05/01 we now offer 365 daily e-mails, another helpful grief support resource.02/01 big news! continuity at norman dean well into the future!   2016    11/15 are you faced with helping an aging parent move or with closing a deceased parent's home?09/22 very important--do you know, legally, who has the right to control your funeral?07/28 see if you have unclaimed money or assets by searching missingmoney.com.07/19 we have a new "wall of honor", created to honor our veterans!06/01 beware of this social security number scam! ​welcome to normandean.com!if you find information on our site helpful, please pass our web address on to others who you think may benefit. we do not charge for any of our web content and will be glad for anyone who can benefit from our site, even if they do not use our other services! we have a lot of content we hope you find useful, but please check back as we plan to add even more. please explore the grief support section found under the grief support drop-down menu at the top of each page, or on our site map at the bottom of each page. we want to help families cope after the funeral is over as they embark on the long and difficult grief process.finally, we would love your input on our site! did you find a broken link... a misspelling... a typo? please let us know at info@normandean.com. is there any aspect of our web site you really like or dislike, anything you may have found confusing... please let us know. we value your opinion! while we might not be able to act on every suggestion, good feedback certainly catches our attention, and issues or concerns brought forth by multiple people will have us searching for solutions even with aspects of our site that are difficult to change.thank you for your help, we sincerely do appreciate it!


2018 remembrance video


 



16 righter avenue, denville, nj 07834(973) 627-1880info@normandean.comdavid g. milne, manager, nj lic. no. 4301serving the denville, rockaway, parsippany, mt. lakes, boonton,morris plains & surrounding areas of new jersey since 1957





home/about us
homecontact usabout usour staffour facilitiesparking/handicap accommodationsour facebook pageproperty
directions, maps, local services
map & directionsbus/trainflorists/other giftslocal hotelslocal restaurantslocal cemeteries


funeral planning resources
services we offerjewish servicesfuneral service options* who's in charge? *when death occursabout burial servicesabout cremationeulogies & obituarieswhat to bringthings to discussfaqmonument dealersveterans administrationmore informationmemorial selections
grief support
365 daily e-mails (living again)understanding grief10 facts about griefthe loss of a spousethe loss of a peta child’s perspectivehelping childrenhelp someone grievingspecial daysgrief after suicidein the workplaceunderstanding bereavement*other resources*


preplanning a funeral
* who's in charge? *preplanningprepaying/prepaid trustsprepay with insuranceprearrange online nowabout burial servicesabout cremationmonument dealers
upcoming services, obituaries
upcoming service scheduleall obituariesmap & directionsbus/trainparking/handicap accommodationsflorists/other gifts*veterans' wall of honor*









admin login | website powered by funeraltech & ta | privacy policy | terms of use







