



retail postage price calculator 




















toggle navigation







domestic retail calculatorbusiness calculatorapo/fpo/dpo restrictionszone chartlocate a post officezip code lookupservice commitmentsinternational retail calculatorbusiness calculatorcustoms form indicatorcountry max limits and price groupspricing price charts htmlprice charts pdfpostal explorer










skip navigation




retail postage price calculator
retail calculator





video library





 



what's the destination country?
abu dhabi (united arab emirates)
admiralty islands (papua new guinea)
afghanistan
aitutaki, cook islands (new zealand)
ajman (united arab emirates)
aland island (finland)
albania
alberta (canada)
alderney (channel islands) (united kingdom of great britain and northern ireland)
algeria
alhucemas (spain)
alofi island (new caledonia)
american samoa
andaman islands (india)
andorra
angola
anguilla
anjouan (comoros)
annobon island (equatorial guinea)
antigua (antigua and barbuda)
antigua and barbuda
argentina
armenia
aruba
ascension
astypalaia (greece)
atafu (samoa)
atiu, cook islands (new zealand)
australia
austria
avarua (new zealand)
azerbaijan
azores (portugal)
bahamas
bahrain
balearic islands (spain)
balochistan (pakistan)
bangladesh
banks island (vanuatu)
barbados
barbuda (antigua and barbuda)
barthelemy (guadeloupe)
belarus
belgium
belize
benin
bermuda
bhutan
bismark archipelago (papua new guinea)
bolivia
bonaire (bonaire, sint eustatius, and saba)
bonaire, sint eustatius, and saba
bora bora (french polynesia)
borneo (indonesia)
bosnia-herzegovina
botswana
bougainville (papua new guinea)
bourbon (reunion)
brazil
british columbia (canada)
british guiana (guyana)
british virgin islands
brunei darussalam
buka (papua new guinea)
bulgaria
burkina faso
burma
burundi
caicos islands (turks and caicos islands)
cambodia
cameroon
canada
canary islands (spain)
canton island (kiribati)
cape verde
cayman islands
central african republic
ceuta (spain)
ceylon (sri lanka)
chad
chaferinas islands (spain)
chalki (greece)
channel islands (united kingdom of great britain and northern ireland)
chile
china
christiansted, us virgin islands
christmas island (australia)
christmas island (kiribati)
chuuk, micronesia
cocos island (australia)
colombia
comoros
congo, democratic republic of the
congo, republic of the
cook islands (new zealand)
corisco island (equatorial guinea)
corsica (france)
costa rica
cote d'ivoire
crete (greece)
croatia
cuba
cumino island (malta)
curacao
cyjrenaica (libya)
cyprus
czech republic
dahomey (benin)
damao (india)
danger islands (new zealand)
denmark
desirade island (guadeloupe)
diu (india)
djibouti
dodecanese islands (greece)
doha (qatar)
dominica
dominican republic
dubai (united arab emirates)
east timor (timor-leste, democratic republic of)
ebeye, marshall islands
ecuador
egypt
eire (ireland)
el salvador
ellice islands (tuvalu)
elobey islands (equatorial guinea)
enderbury island (kiribati)
england (united kingdom of great britain and northern ireland)
equatorial guinea
eritrea
estonia
eswatini
ethiopia
fakaofo (samoa)
falkland islands
fanning island (kiribati)
faroe islands
fernando po (equatorial guinea)
fezzan (libya)
fiji
finland
formosa (taiwan)
france
frederiksted, us virgin islands
french guiana
french oceania (french polynesia)
french polynesia
french west indies (guadeloupe)
french west indies (martinique)
friendly islands (tonga)
fujairah (united arab emirates)
futuna (wallis and futuna islands)
gabon
gambia
gambier (french polynesia)
georgia, republic of
germany
ghana
gibraltar
gilbert islands (kiribati)
goa (india)
gozo island (malta)
grand comoro (comoros)
greece
greenland
grenada
grenadines (saint vincent and the grenadines)
guadeloupe
guam
guatemala
guernsey (channel islands) (united kingdom of great britain and northern ireland)
guinea
guinea-bissau
guyana
hainan island (china)
haiti
hashemite kingdom (jordan)
hervey, cook islands (new zealand)
hivaoa (french polynesia)
holland (netherlands)
honduras
hong kong
huahine (french polynesia)
huan island (new caledonia)
hungary
iceland
india
indonesia
iran
iraq
ireland
irian barat (indonesia)
isle of man (united kingdom of great britain and northern ireland)
isle of pines (new caledonia)
isle of pines, west indies (cuba)
israel
issas (djibouti)
italy
ivory coast (cote d ivoire)
jamaica
japan
jersey (channel islands) (united kingdom of great britain and northern ireland)
johore (malaysia)
jordan
kalymnos (greece)
kampuchea (cambodia)
karpathos (greece)
kassos (greece)
kastellorizon (greece)
kazakhstan
kedah (malaysia)
keeling islands (australia)
kelantan (malaysia)
kenya
kingshill, us virgin islands
kiribati
korea, democratic peoples republic of (north korea)
korea, republic of (south korea)
koror (palau)
kos (greece)
kosovo, republic of
kosrae, micronesia
kowloon (hong kong)
kuwait
kwajalein, marshall islands
kyrgyzstan
labrador (canada)
labuan (malaysia)
laos
latvia
lebanon
leipsos (greece)
leros (greece)
les saints island (guadeloupe)
lesotho
liberia
libya
liechtenstein
lithuania
lord howe island (australia)
loyalty islands (new caledonia)
luxembourg
macao
macau (macao)
madagascar
madeira islands (portugal)
majuro, marshall islands
malacca (malaysia)
malawi
malaysia
maldives
mali
malta
manahiki (new zealand)
manchuria (china)
manitoba (canada)
manua islands, american samoa
marie galante (guadeloupe)
marquesas islands (french polynesia)
marshall islands, republic of the
martinique
mauritania
mauritius
mayotte (france)
melilla (spain)
mexico
micronesia, federated states of
miquelon (saint pierre and miquelon)
moheli (comoros)
moldova
monaco (france)
mongolia
montenegro
montserrat
moorea (french polynesia)
morocco
mozambique
muscat (oman)
myanmar (burma)
namibia
nansil islands (japan)
nauru
negri sembilan (malaysia)
nepal
netherlands
nevis (saint kitts and nevis)
new britain (papua new guinea)
new brunswick (canada)
new caledonia
new hanover (papua new guinea)
new hebrides (vanuatu)
new ireland (papua new guinea)
new south wales (australia)
new zealand
newfoundland (canada)
nicaragua
niger
nigeria
nissiros (greece)
niue (new zealand)
norfolk island (australia)
north borneo (malaysia)
north korea (korea, democratic people's republic of)
north macedonia, republic of
northern ireland (united kingdom of great britain and northern ireland)
northern mariana islands, commonwealth of
northwest territory (canada)
norway
nova scotia (canada)
nukahiva (french polynesia)
nukunonu (samoa)
ocean island (kiribati)
okinawa (japan)
oman
ontario (canada)
pago pago, american samoa
pahang (malaysia)
pakistan
palau
palmerston, avarua (new zealand)
panama
papua new guinea
paraguay
parry, cook islands (new zealand)
patmos (greece)
pemba (tanzania)
penang (malaysia)
penghu islands (taiwan)
penon de velez de la gomera (spain)
penrhyn, tongareva (new zealand)
perak (malaysia)
perlis (malaysia)
persia (iran)
peru
pescadores islands (taiwan)
petite terre (guadeloupe)
philippines
pitcairn island
pohnpei, micronesia
poland
portugal
prince edward island (canada)
puerto rico
pukapuka (new zealand)
qatar
quebec (canada)
queensland (australia)
quemoy (taiwan)
raiatea (french polynesia)
rakaanga (new zealand)
rapa (french polynesia)
rarotonga, cook islands (new zealand)
ras al kaimah (united arab emirates)
redonda (antigua and barbuda)
reunion
rio muni (equatorial guinea)
rodos (greece)
rodrigues (mauritius)
romania
rota, northern mariana islands
russia
rwanda
saba (bonaire, sint eustatius, and saba)
sabah (malaysia)
saint (st.) kitts and nevis
saint barthelemy (guadeloupe)
saint bartholomew (guadeloupe)
saint croix, us virgin islands
saint helena
saint john, us virgin islands
saint kitts (saint kitts and nevis)
saint lucia
saint martin (french) (guadeloupe)
saint pierre and miquelon
saint thomas, us virgin islands
saint vincent and the grenadines
sainte marie de madagascar (madagascar)
saipan, northern mariana islands
salvador (el salvador)
samoa
samoa, american
san marino
santa cruz islands (solomon islands)
sao tome and principe
sarawak (malaysia)
sark (channel islands) (united kingdom of great britain and northern ireland)
saskatchewan (canada)
saudi arabia
savage island, niue (new zealand)
savaii island (samoa)
scotland (united kingdom of great britain and northern ireland)
seberang perai (malaysia)
selangor (malaysia)
senegal
serbia, republic of
seychelles
sharja (united arab emirates)
shikoku (japan)
sierra leone
sikkim (india)
singapore
sint eustatius (bonaire, sint eustatius, and saba)
sint maarten (dutch)
slovak republic (slovakia)
slovenia
society islands (french polynesia)
solomon islands
somali democratic republic (somalia)
somalia
somaliland (somalia)
south africa
south australia (australia)
south georgia (falkland islands)
south korea (korea, republic of)
south sudan, republic of
spain
spitzbergen (norway)
sri lanka
sudan
suriname
suwarrow islands (new zealand)
swain's island, american samoa
swan islands (honduras)
sweden
switzerland
symi (greece)
syrian arab republic (syria)
tahaa (french polynesia)
tahiti (french polynesia)
taiwan
tajikistan
tanzania
tasmania (australia)
tchad (chad)
thailand
thursday island (australia)
tibet (china)
tilos (greece)
timor (indonesia)
timor-leste, democratic republic of
tinian, northern mariana islands
tobago (trinidad and tobago)
togo
tokelau (new zealand)
tonga
tongareva (new zealand)
tori shima (japan)
torres island (vanuatu)
trans-jordan, hashemite kingdom (jordan)
transkei (south africa)
trengganu (malaysia)
trinidad and tobago
tripolitania (libya)
tristan da cunha
trucial states (united arab emirates)
tuamotou (french polynesia)
tubuai (french polynesia)
tunisia
turkiye, republic of
turkmenistan
turks and caicos islands
tutuila island, american samoa
tuvalu
uganda
ukraine
umm al quaiwain (united arab emirates)
umm said (qatar)
united arab emirates
united kingdom (united kingdom of great britain and northern ireland)
united kingdom of great britain and northern ireland
united nations, new york
united states (domestic and apo/fpo/dpo mail)
upolu island (samoa)
uruguay
uzbekistan
vanuatu
vatican city
venezuela
victoria (australia)
vietnam
virgin islands (british)
virgin islands (us)
wales (united kingdom of great britain and northern ireland)
wallis and futuna islands
wellesley, province (malaysia)
west new guinea (indonesia)
western australia (australia)
yap, micronesia
yemen
yukon territory (canada)
zafarani islands (spain)
zambia
zanzibar (tanzania)
zimbabwe








what zip code are you mailing from?






what zip code are you mailing to?








what's the value of the item being mailed?

for letter-shaped mail, value must be $0.00







what's the date you plan to mail the item?






what's the time you plan to mail the item?
before  6:00 a.m.
between 6:00 a.m. - 6:30 a.m.
between 6:30 a.m. - 7:00 a.m.
between 7:00 a.m. - 7:30 a.m.
between 7:30 a.m. - 8:00 a.m.
between 8:00 a.m. - 8:30 a.m.
between 8:30 a.m. - 9:00 a.m.
between 9:00 a.m. - 9:30 a.m.
between 9:30 a.m. - 10:00 a.m.
between 10:00 a.m. - 10:30 a.m.
between 10:30 a.m. - 11:00 a.m.
between 11:00 a.m. - 11:30 a.m.
between 11:30 a.m. - 12:00 p.m.
between 12:00 p.m. - 12:30 p.m.
between 12:30 p.m. - 1:00 p.m.
between 1:00 p.m. - 1:30 p.m.
between 1:30 p.m. - 2:00 p.m.
between 2:00 p.m. - 2:30 p.m.
between 2:30 p.m. - 3:00 p.m.
between 3:00 p.m. - 3:30 p.m.
between 3:30 p.m. - 4:00 p.m.
between 4:00 p.m. - 4:30 p.m.
between 4:30 p.m. - 5:00 p.m.
between 5:00 p.m. - 5:30 p.m.
between 5:30 p.m. - 6:00 p.m.
between 6:00 p.m. - 6:30 p.m.
between 6:30 p.m. - 7:00 p.m.
between 7:00 p.m. - 7:30 p.m.
between 7:30 p.m. - 8:00 p.m.
after  8:00 p.m.






what are you sending?



only nonnegotiable document(s)













item id
value
hs tariff no
country of origin
item category
item sub category
action










+ add another item









please complete the following fields for an item:
* required field









* what's the value of the item being mailed?








hs tariff number









* item description








* quantity






* weight (pounds)






brand







country of origin
make a selection
abu dhabi (united arab emirates)
admiralty islands (papua new guinea)
afghanistan
aitutaki, cook islands (new zealand)
ajman (united arab emirates)
aland island (finland)
albania
alberta (canada)
alderney (channel islands) (united kingdom of great britain and northern ireland)
algeria
alhucemas (spain)
alofi island (new caledonia)
american samoa
andaman islands (india)
andorra
angola
anguilla
anjouan (comoros)
annobon island (equatorial guinea)
antigua (antigua and barbuda)
antigua and barbuda
argentina
armenia
aruba
ascension
astypalaia (greece)
atafu (samoa)
atiu, cook islands (new zealand)
australia
austria
avarua (new zealand)
azerbaijan
azores (portugal)
bahamas
bahrain
balearic islands (spain)
balochistan (pakistan)
bangladesh
banks island (vanuatu)
barbados
barbuda (antigua and barbuda)
barthelemy (guadeloupe)
belarus
belgium
belize
benin
bermuda
bhutan
bismark archipelago (papua new guinea)
bolivia
bonaire (bonaire, sint eustatius, and saba)
bonaire, sint eustatius, and saba
bora bora (french polynesia)
borneo (indonesia)
bosnia-herzegovina
botswana
bougainville (papua new guinea)
bourbon (reunion)
brazil
british columbia (canada)
british guiana (guyana)
british virgin islands
brunei darussalam
buka (papua new guinea)
bulgaria
burkina faso
burma
burundi
caicos islands (turks and caicos islands)
cambodia
cameroon
canada
canary islands (spain)
canton island (kiribati)
cape verde
cayman islands
central african republic
ceuta (spain)
ceylon (sri lanka)
chad
chaferinas islands (spain)
chalki (greece)
channel islands (united kingdom of great britain and northern ireland)
chile
china
christiansted, us virgin islands
christmas island (australia)
christmas island (kiribati)
chuuk, micronesia
cocos island (australia)
colombia
comoros
congo, democratic republic of the
congo, republic of the
cook islands (new zealand)
corisco island (equatorial guinea)
corsica (france)
costa rica
cote d'ivoire
crete (greece)
croatia
cuba
cumino island (malta)
curacao
cyjrenaica (libya)
cyprus
czech republic
dahomey (benin)
damao (india)
danger islands (new zealand)
denmark
desirade island (guadeloupe)
diu (india)
djibouti
dodecanese islands (greece)
doha (qatar)
dominica
dominican republic
dubai (united arab emirates)
east timor (timor-leste, democratic republic of)
ebeye, marshall islands
ecuador
egypt
eire (ireland)
el salvador
ellice islands (tuvalu)
elobey islands (equatorial guinea)
enderbury island (kiribati)
england (united kingdom of great britain and northern ireland)
equatorial guinea
eritrea
estonia
eswatini
ethiopia
fakaofo (samoa)
falkland islands
fanning island (kiribati)
faroe islands
fernando po (equatorial guinea)
fezzan (libya)
fiji
finland
formosa (taiwan)
france
frederiksted, us virgin islands
french guiana
french oceania (french polynesia)
french polynesia
french west indies (guadeloupe)
french west indies (martinique)
friendly islands (tonga)
fujairah (united arab emirates)
futuna (wallis and futuna islands)
gabon
gambia
gambier (french polynesia)
georgia, republic of
germany
ghana
gibraltar
gilbert islands (kiribati)
goa (india)
gozo island (malta)
grand comoro (comoros)
greece
greenland
grenada
grenadines (saint vincent and the grenadines)
guadeloupe
guam
guatemala
guernsey (channel islands) (united kingdom of great britain and northern ireland)
guinea
guinea-bissau
guyana
hainan island (china)
haiti
hashemite kingdom (jordan)
hervey, cook islands (new zealand)
hivaoa (french polynesia)
holland (netherlands)
honduras
hong kong
huahine (french polynesia)
huan island (new caledonia)
hungary
iceland
india
indonesia
iran
iraq
ireland
irian barat (indonesia)
isle of man (united kingdom of great britain and northern ireland)
isle of pines (new caledonia)
isle of pines, west indies (cuba)
israel
issas (djibouti)
italy
ivory coast (cote d ivoire)
jamaica
japan
jersey (channel islands) (united kingdom of great britain and northern ireland)
johore (malaysia)
jordan
kalymnos (greece)
kampuchea (cambodia)
karpathos (greece)
kassos (greece)
kastellorizon (greece)
kazakhstan
kedah (malaysia)
keeling islands (australia)
kelantan (malaysia)
kenya
kingshill, us virgin islands
kiribati
korea, democratic peoples republic of (north korea)
korea, republic of (south korea)
koror (palau)
kos (greece)
kosovo, republic of
kosrae, micronesia
kowloon (hong kong)
kuwait
kwajalein, marshall islands
kyrgyzstan
labrador (canada)
labuan (malaysia)
laos
latvia
lebanon
leipsos (greece)
leros (greece)
les saints island (guadeloupe)
lesotho
liberia
libya
liechtenstein
lithuania
lord howe island (australia)
loyalty islands (new caledonia)
luxembourg
macao
macau (macao)
madagascar
madeira islands (portugal)
majuro, marshall islands
malacca (malaysia)
malawi
malaysia
maldives
mali
malta
manahiki (new zealand)
manchuria (china)
manitoba (canada)
manua islands, american samoa
marie galante (guadeloupe)
marquesas islands (french polynesia)
marshall islands, republic of the
martinique
mauritania
mauritius
mayotte (france)
melilla (spain)
mexico
micronesia, federated states of
miquelon (saint pierre and miquelon)
moheli (comoros)
moldova
monaco (france)
mongolia
montenegro
montserrat
moorea (french polynesia)
morocco
mozambique
muscat (oman)
myanmar (burma)
namibia
nansil islands (japan)
nauru
negri sembilan (malaysia)
nepal
netherlands
nevis (saint kitts and nevis)
new britain (papua new guinea)
new brunswick (canada)
new caledonia
new hanover (papua new guinea)
new hebrides (vanuatu)
new ireland (papua new guinea)
new south wales (australia)
new zealand
newfoundland (canada)
nicaragua
niger
nigeria
nissiros (greece)
niue (new zealand)
norfolk island (australia)
north borneo (malaysia)
north korea (korea, democratic people's republic of)
north macedonia, republic of
northern ireland (united kingdom of great britain and northern ireland)
northern mariana islands, commonwealth of
northwest territory (canada)
norway
nova scotia (canada)
nukahiva (french polynesia)
nukunonu (samoa)
ocean island (kiribati)
okinawa (japan)
oman
ontario (canada)
pago pago, american samoa
pahang (malaysia)
pakistan
palau
palmerston, avarua (new zealand)
panama
papua new guinea
paraguay
parry, cook islands (new zealand)
patmos (greece)
pemba (tanzania)
penang (malaysia)
penghu islands (taiwan)
penon de velez de la gomera (spain)
penrhyn, tongareva (new zealand)
perak (malaysia)
perlis (malaysia)
persia (iran)
peru
pescadores islands (taiwan)
petite terre (guadeloupe)
philippines
pitcairn island
pohnpei, micronesia
poland
portugal
prince edward island (canada)
puerto rico
pukapuka (new zealand)
qatar
quebec (canada)
queensland (australia)
quemoy (taiwan)
raiatea (french polynesia)
rakaanga (new zealand)
rapa (french polynesia)
rarotonga, cook islands (new zealand)
ras al kaimah (united arab emirates)
redonda (antigua and barbuda)
reunion
rio muni (equatorial guinea)
rodos (greece)
rodrigues (mauritius)
romania
rota, northern mariana islands
russia
rwanda
saba (bonaire, sint eustatius, and saba)
sabah (malaysia)
saint (st.) kitts and nevis
saint barthelemy (guadeloupe)
saint bartholomew (guadeloupe)
saint croix, us virgin islands
saint helena
saint john, us virgin islands
saint kitts (saint kitts and nevis)
saint lucia
saint martin (french) (guadeloupe)
saint pierre and miquelon
saint thomas, us virgin islands
saint vincent and the grenadines
sainte marie de madagascar (madagascar)
saipan, northern mariana islands
salvador (el salvador)
samoa
samoa, american
san marino
santa cruz islands (solomon islands)
sao tome and principe
sarawak (malaysia)
sark (channel islands) (united kingdom of great britain and northern ireland)
saskatchewan (canada)
saudi arabia
savage island, niue (new zealand)
savaii island (samoa)
scotland (united kingdom of great britain and northern ireland)
seberang perai (malaysia)
selangor (malaysia)
senegal
serbia, republic of
seychelles
sharja (united arab emirates)
shikoku (japan)
sierra leone
sikkim (india)
singapore
sint eustatius (bonaire, sint eustatius, and saba)
sint maarten (dutch)
slovak republic (slovakia)
slovenia
society islands (french polynesia)
solomon islands
somali democratic republic (somalia)
somalia
somaliland (somalia)
south africa
south australia (australia)
south georgia (falkland islands)
south korea (korea, republic of)
south sudan, republic of
spain
spitzbergen (norway)
sri lanka
sudan
suriname
suwarrow islands (new zealand)
swain's island, american samoa
swan islands (honduras)
sweden
switzerland
symi (greece)
syrian arab republic (syria)
tahaa (french polynesia)
tahiti (french polynesia)
taiwan
tajikistan
tanzania
tasmania (australia)
tchad (chad)
thailand
thursday island (australia)
tibet (china)
tilos (greece)
timor (indonesia)
timor-leste, democratic republic of
tinian, northern mariana islands
tobago (trinidad and tobago)
togo
tokelau (new zealand)
tonga
tongareva (new zealand)
tori shima (japan)
torres island (vanuatu)
trans-jordan, hashemite kingdom (jordan)
transkei (south africa)
trengganu (malaysia)
trinidad and tobago
tripolitania (libya)
tristan da cunha
trucial states (united arab emirates)
tuamotou (french polynesia)
tubuai (french polynesia)
tunisia
turkiye, republic of
turkmenistan
turks and caicos islands
tutuila island, american samoa
tuvalu
uganda
ukraine
umm al quaiwain (united arab emirates)
umm said (qatar)
united arab emirates
united kingdom (united kingdom of great britain and northern ireland)
united kingdom of great britain and northern ireland
united nations, new york
united states (domestic and apo/fpo/dpo mail)
upolu island (samoa)
uruguay
uzbekistan
vanuatu
vatican city
venezuela
victoria (australia)
vietnam
virgin islands (british)
virgin islands (us)
wales (united kingdom of great britain and northern ireland)
wallis and futuna islands
wellesley, province (malaysia)
west new guinea (indonesia)
western australia (australia)
yap, micronesia
yemen
yukon territory (canada)
zafarani islands (spain)
zambia
zanzibar (tanzania)
zimbabwe











item category
make a selection
appliances, parts & accessories
arts & collectibles
automotive & vehicles
beauty & health
books, movies & music
clothing & accessories
electronics, computers & cameras
food & groceries
home & garden
industrial, scientific & machinery
jewelry & watches
office products
pet supplies
sports & outdoors
tools & construction materials
toys & games






item subcategory
make a selection
























cremated remains
                - learn about mailing cremated remains



live animal(s) other than day-old poultry
                - learn about mailing live animals



day-old poultry
                - learn about mailing day old poultry




hazardous materials
                - learn about mailing hazardous materials

read rules about mailing lithium batteries




does the mailpiece require ground transportation?


requires ground transportation



please select from the following options 



calculate postcard price



view flat rate envelopes



view flat rate boxes



calculate price based on shape and size












helpful linkscontact ussite indexfaqsusps jobscareerson about.usps.comabout usps homenewsroomusps service updatesforms & publicationsgovernment servicesother usps sitesbusiness customer gatewaypostal inspectorsinspector generalpostal explorernational postal museumresources for developerspostalprolegal informationprivacy policyterms of usefoiano fear act/eeo contactsfair chance actaccessibility statement



                            copyright ©
                             usps.  all rights reserved.
                        















































