












nsa storage | experienced self storage with a local focus






















































                                                                                find storage
                                    




                                                                                storage help
                                        






types of storage







self storage






climate controlled storage






vehicle storage






business storage








moving guide







moving guide: 8 weeks out






moving guide: 4 weeks out






moving guide: 2 weeks out






moving guide: moving day








storage faq






storage features and amenities






storage organization







                                                                                size guide
                                    




                                                                                about us
                                        






contact us






careers






investor relations






privacy policy






accessibility









                                                                                find storage
                                    




                                                                                size guide
                                    




                                                                                contact us
                                    






                                                                                find storage
                                    




                                                                                types of storage
                                    




                                                                                size guide
                                    




                                                                                investor relations
                                    




                                                                                contact us
                                    





                            pay bill
                        
844-434-1150




844-434-1150

                    pay bill
                

















skip to main





















easy online storage rentals















                                    san antonio, tx
                                


                                    cincinnati, oh
                                


                                    portland, or
                                


                                    tulsa, ok
                                


close, convenient, affordable. reserve your unit today!






our brands


































local leaders in self storage
featuring 1000+ secure and affordable self storage facilities in 42 states.







community-focused
proud sponsor of charities like feeding america and education programs like ace scholarships.







customer-focused
voted best customer service in america by newsweek.










nsa storage is your storage solution







size up your storage needs
use our size guide to pick your perfect unit.

size guide




find storage
select, rent & store contact-free.

get started












what our customers think











virginia




5.0



i rented at one of their locations for almost 6 years, moving gradually from their largest to their smallest climate controlled units. the service was always efficient, professional, and friendly. the units/facility were well maintained. when i recently ended my rental without notice on a sunday, the property manager was so helpful and had my account processed first thing on monday before i could even contact the office!! i would absolutely recommend this company for your storage needs!











peggy




5.0



when moving twice becomes inevitable because dates of 'move out' and 'move in' have a gap, you can count on nsa storage.  application for storage units and confirmation is at your fingertips on website. the availability of a real person on the phone or web chat for questions has been much appreciated. the units were clean on arrival with instructions available to access the code for unlocking for placement of a personal lock. plenty of space arrival for large storage trucks to unload and the numbers on units are clearly visible. i am very pleased with the service i have received from this company!











josiah




5.0



the staff here is amazing and so helpful. they are always friendly and willing to help. the facility is clean and the setup is perfect for staying dry and sheltered. best i have used!











taylor




5.0



when coming in to check on a unit it was very welcoming. we got the information we needed and help with picking a unit size. when we came back to get the into a few days later, the property manager was on top of it and remembered us and got us setup right away! she was amazing with getting us the deals that were happening and giving us all the information we needed. so happy we chose to come here.






testimonials provided by nsa storage customers.  the images used do not depict the actual individuals who provided the testimonials.








self storage locations



alabama



                                                            birmingham, al
                                                            


                                                            decatur, al
                                                            


                                                            florence, al
                                                            


                                                            hoover, al
                                                            


                                                            huntsville, al
                                                            


                                                            laceys spring, al
                                                            


                                                            madison, al
                                                            


                                                            mobile, al
                                                            


                                                            montgomery, al
                                                            


                                                            northport, al
                                                            


                                                            tanner, al
                                                            


                                                            tuscaloosa, al
                                                            







arizona



                                                            bullhead city, az
                                                            


                                                            cave creek, az
                                                            


                                                            fort mohave, az
                                                            


                                                            fountain hills, az
                                                            


                                                            gilbert, az
                                                            


                                                            goodyear, az
                                                            


                                                            mesa, az
                                                            


                                                            peoria, az
                                                            


                                                            phoenix, az
                                                            


                                                            queen creek, az
                                                            


                                                            scottsdale, az
                                                            


                                                            sun city, az
                                                            


                                                            surprise, az
                                                            


                                                            tucson, az
                                                            


                                                            youngtown, az
                                                            







california



                                                            anaheim, ca
                                                            


                                                            apple valley, ca
                                                            


                                                            arcadia, ca
                                                            


                                                            bakersfield, ca
                                                            


                                                            banning, ca
                                                            


                                                            barstow, ca
                                                            


                                                            bloomington, ca
                                                            


                                                            blythe, ca
                                                            


                                                            carlsbad, ca
                                                            


                                                            carmel valley, ca
                                                            


                                                            ceres, ca
                                                            


                                                            coachella, ca
                                                            


                                                            corona, ca
                                                            


                                                            cypress, ca
                                                            


                                                            desert hot springs, ca
                                                            


                                                            duarte, ca
                                                            


                                                            el dorado hills, ca
                                                            


                                                            elk grove, ca
                                                            


                                                            encinitas, ca
                                                            


                                                            escalon, ca
                                                            


                                                            fontana, ca
                                                            


                                                            hawaiian gardens, ca
                                                            


                                                            hemet, ca
                                                            


                                                            hesperia, ca
                                                            


                                                            highland, ca
                                                            


                                                            hollister, ca
                                                            


                                                            indio, ca
                                                            


                                                            irvine, ca
                                                            


                                                            lodi, ca
                                                            


                                                            loma linda, ca
                                                            


                                                            menifee, ca
                                                            


                                                            mission viejo, ca
                                                            


                                                            montclair, ca
                                                            


                                                            monterey, ca
                                                            


                                                            moreno valley, ca
                                                            


                                                            north highlands, ca
                                                            


                                                            oceanside, ca
                                                            


                                                            ontario, ca
                                                            


                                                            oroville, ca
                                                            


                                                            palm desert, ca
                                                            


                                                            palm springs, ca
                                                            


                                                            palmdale, ca
                                                            


                                                            paramount, ca
                                                            


                                                            rancho cordova, ca
                                                            


                                                            rancho santa margarita, ca
                                                            


                                                            redlands, ca
                                                            


                                                            riverbank, ca
                                                            


                                                            riverside, ca
                                                            


                                                            rosamond, ca
                                                            


                                                            san bernardino, ca
                                                            


                                                            san diego, ca
                                                            


                                                            san francisco, ca
                                                            


                                                            san jacinto, ca
                                                            


                                                            santa ana, ca
                                                            


                                                            santa maria, ca
                                                            


                                                            soulsbyville, ca
                                                            


                                                            south gate, ca
                                                            


                                                            stockton, ca
                                                            


                                                            thousand oaks, ca
                                                            


                                                            tustin, ca
                                                            


                                                            upland, ca
                                                            


                                                            ventura, ca
                                                            


                                                            victorville, ca
                                                            


                                                            yucaipa, ca
                                                            







colorado



                                                            bennett, co
                                                            


                                                            broomfield, co
                                                            


                                                            colorado springs, co
                                                            


                                                            erie, co
                                                            


                                                            fort collins, co
                                                            


                                                            fountain, co
                                                            


                                                            highlands ranch, co
                                                            


                                                            monument, co
                                                            


                                                            pueblo west, co
                                                            


                                                            pueblo, co
                                                            







connecticut



                                                            meriden, ct
                                                            


                                                            new london, ct
                                                            


                                                            norwich, ct
                                                            


                                                            wallingford, ct
                                                            


                                                            wolcott, ct
                                                            







delaware



                                                            claymont, de
                                                            


                                                            lewes, de
                                                            


                                                            millsboro, de
                                                            


                                                            new castle, de
                                                            







florida



                                                            alachua, fl
                                                            


                                                            apollo beach, fl
                                                            


                                                            apopka, fl
                                                            


                                                            auburndale, fl
                                                            


                                                            boynton beach, fl
                                                            


                                                            bradenton, fl
                                                            


                                                            brandon, fl
                                                            


                                                            bunnell, fl
                                                            


                                                            cape coral, fl
                                                            


                                                            clermont, fl
                                                            


                                                            cocoa beach, fl
                                                            


                                                            crestview, fl
                                                            


                                                            crystal river, fl
                                                            


                                                            davenport, fl
                                                            


                                                            deland, fl
                                                            


                                                            destin, fl
                                                            


                                                            edgewater, fl
                                                            


                                                            ellenton, fl
                                                            


                                                            englewood, fl
                                                            


                                                            fanning springs, fl
                                                            


                                                            fort lauderdale, fl
                                                            


                                                            fort myers, fl
                                                            


                                                            fort walton beach, fl
                                                            


                                                            freeport, fl
                                                            


                                                            gainesville, fl
                                                            


                                                            gulf breeze, fl
                                                            


                                                            high springs, fl
                                                            


                                                            jacksonville, fl
                                                            


                                                            kissimmee, fl
                                                            


                                                            leesburg, fl
                                                            


                                                            miami, fl
                                                            


                                                            minneola, fl
                                                            


                                                            naples, fl
                                                            


                                                            navarre, fl
                                                            


                                                            north fort myers, fl
                                                            


                                                            north port, fl
                                                            


                                                            ocala, fl
                                                            


                                                            orange city, fl
                                                            


                                                            orlando, fl
                                                            


                                                            oxford, fl
                                                            


                                                            palm bay, fl
                                                            


                                                            palm city, fl
                                                            


                                                            palmetto, fl
                                                            


                                                            panama city beach, fl
                                                            


                                                            parrish, fl
                                                            


                                                            pensacola, fl
                                                            


                                                            port charlotte, fl
                                                            


                                                            punta gorda, fl
                                                            


                                                            riverview, fl
                                                            


                                                            ruskin, fl
                                                            


                                                            santa rosa beach, fl
                                                            


                                                            sarasota, fl
                                                            


                                                            seminole, fl
                                                            


                                                            silver springs, fl
                                                            


                                                            spring hill, fl
                                                            


                                                            st cloud, fl
                                                            


                                                            st petersburg, fl
                                                            


                                                            tampa, fl
                                                            


                                                            titusville, fl
                                                            


                                                            winter garden, fl
                                                            


                                                            winter park, fl
                                                            


                                                            zephyrhills, fl
                                                            







georgia



                                                            albany, ga
                                                            


                                                            austell, ga
                                                            


                                                            bloomingdale, ga
                                                            


                                                            buford, ga
                                                            


                                                            canton, ga
                                                            


                                                            chamblee, ga
                                                            


                                                            columbus, ga
                                                            


                                                            conyers, ga
                                                            


                                                            covington, ga
                                                            


                                                            cumming, ga
                                                            


                                                            dallas, ga
                                                            


                                                            decatur, ga
                                                            


                                                            doraville, ga
                                                            


                                                            ellenwood, ga
                                                            


                                                            fayetteville, ga
                                                            


                                                            griffin, ga
                                                            


                                                            jackson, ga
                                                            


                                                            jonesboro, ga
                                                            


                                                            kingsland, ga
                                                            


                                                            lagrange, ga
                                                            


                                                            loganville, ga
                                                            


                                                            mableton, ga
                                                            


                                                            macon, ga
                                                            


                                                            marietta, ga
                                                            


                                                            mcdonough, ga
                                                            


                                                            monroe, ga
                                                            


                                                            morrow, ga
                                                            


                                                            newnan, ga
                                                            


                                                            norcross, ga
                                                            


                                                            pooler, ga
                                                            


                                                            riverdale, ga
                                                            


                                                            sandy springs, ga
                                                            


                                                            savanah, ga
                                                            


                                                            savannah, ga
                                                            


                                                            smyrna, ga
                                                            


                                                            stockbridge, ga
                                                            


                                                            thomasville, ga
                                                            


                                                            valdosta, ga
                                                            


                                                            warner robins, ga
                                                            


                                                            woodstock, ga
                                                            







idaho



                                                            mccall, id
                                                            


                                                            new meadows, id
                                                            


                                                            post falls, id
                                                            


                                                            sandpoint, id
                                                            







illinois



                                                            chicago, il
                                                            


                                                            crestwood, il
                                                            


                                                            deerfield, il
                                                            


                                                            evanston, il
                                                            


                                                            glenview, il
                                                            


                                                            highland park, il
                                                            


                                                            hoffman estates, il
                                                            


                                                            oak forest, il
                                                            


                                                            posen, il
                                                            


                                                            schaumburg, il
                                                            







indiana



                                                            avon, in
                                                            


                                                            camby, in
                                                            


                                                            indianapolis, in
                                                            


                                                            jeffersonville, in
                                                            


                                                            new albany, in
                                                            


                                                            westfield, in
                                                            


                                                            zionsville, in
                                                            







iowa



                                                            coralville, ia
                                                            


                                                            iowa city, ia
                                                            


                                                            north liberty, ia
                                                            


                                                            tiffin, ia
                                                            







kansas



                                                            andover, ks
                                                            


                                                            derby, ks
                                                            


                                                            kansas city, ks
                                                            


                                                            leavenworth, ks
                                                            


                                                            olathe, ks
                                                            


                                                            overland park, ks
                                                            


                                                            park city, ks
                                                            


                                                            shawnee, ks
                                                            


                                                            wichita, ks
                                                            







kentucky



                                                            elizabethtown, ky
                                                            


                                                            louisville, ky
                                                            


                                                            prospect, ky
                                                            


                                                            radcliff, ky
                                                            


                                                            shepherdsville, ky
                                                            







louisiana



                                                            arabi, la
                                                            


                                                            belle chasse, la
                                                            


                                                            bossier city, la
                                                            


                                                            chalmette, la
                                                            


                                                            gretna, la
                                                            


                                                            hammond, la
                                                            


                                                            haughton, la
                                                            


                                                            laplace, la
                                                            


                                                            luling, la
                                                            


                                                            pearl river, la
                                                            


                                                            reserve, la
                                                            


                                                            shreveport, la
                                                            


                                                            slidell, la
                                                            







maryland



                                                            baltimore, md
                                                            


                                                            finksburg, md
                                                            


                                                            great mills, md
                                                            


                                                            hollywood, md
                                                            


                                                            la plata, md
                                                            


                                                            leonardtown, md
                                                            


                                                            lexington park, md
                                                            


                                                            prince frederick, md
                                                            







massachusetts



                                                            brighton, ma
                                                            


                                                            chelmsford, ma
                                                            


                                                            easthampton, ma
                                                            


                                                            hingham, ma
                                                            


                                                            lakeville, ma
                                                            


                                                            lynnfield, ma
                                                            


                                                            n billerica, ma
                                                            


                                                            northampton, ma
                                                            


                                                            peabody, ma
                                                            


                                                            shrewsbury, ma
                                                            


                                                            somerset, ma
                                                            


                                                            southampton, ma
                                                            


                                                            springfield, ma
                                                            


                                                            tewksbury, ma
                                                            


                                                            upton, ma
                                                            







michigan



                                                            auburn hills, mi
                                                            


                                                            center line, mi
                                                            


                                                            clinton township, mi
                                                            


                                                            dearborn heights, mi
                                                            


                                                            dearborn, mi
                                                            


                                                            eastpointe, mi
                                                            


                                                            farmington hills, mi
                                                            


                                                            ferndale, mi
                                                            


                                                            lincoln park, mi
                                                            


                                                            livonia, mi
                                                            


                                                            redford, mi
                                                            


                                                            rochester hills, mi
                                                            


                                                            roseville, mi
                                                            


                                                            southfield, mi
                                                            


                                                            sterling heights, mi
                                                            


                                                            sylvan lake, mi
                                                            


                                                            taylor, mi
                                                            


                                                            troy, mi
                                                            


                                                            warren, mi
                                                            


                                                            wixom, mi
                                                            







minnesota



                                                            blaine, mn
                                                            


                                                            burnsville, mn
                                                            


                                                            coon rapids, mn
                                                            


                                                            eagan, mn
                                                            


                                                            inver grove heights, mn
                                                            


                                                            minneapolis, mn
                                                            


                                                            shakopee, mn
                                                            


                                                            st louis park, mn
                                                            


                                                            vadnais heights, mn
                                                            


                                                            woodbury, mn
                                                            







mississippi



                                                            greenville, ms
                                                            







missouri



                                                            gladstone, mo
                                                            


                                                            kansas city, mo
                                                            


                                                            parkville, mo
                                                            







nevada



                                                            carson city, nv
                                                            


                                                            las vegas, nv
                                                            


                                                            sparks, nv
                                                            







new hampshire



                                                            amherst, nh
                                                            


                                                            bow, nh
                                                            


                                                            brentwood, nh
                                                            


                                                            derry, nh
                                                            


                                                            dover, nh
                                                            


                                                            enfield, nh
                                                            


                                                            goffstown, nh
                                                            


                                                            hooksett, nh
                                                            


                                                            hudson, nh
                                                            


                                                            lebanon, nh
                                                            


                                                            londonderry, nh
                                                            


                                                            merrimack, nh
                                                            


                                                            nashua, nh
                                                            


                                                            pembroke, nh
                                                            


                                                            somersworth, nh
                                                            


                                                            wakefield, nh
                                                            







new jersey



                                                            blackwood, nj
                                                            


                                                            bloomfield, nj
                                                            


                                                            bridgeton, nj
                                                            


                                                            bridgewater, nj
                                                            


                                                            burlington, nj
                                                            


                                                            byram, nj
                                                            


                                                            cliffwood, nj
                                                            


                                                            franklin, nj
                                                            


                                                            hamburg, nj
                                                            


                                                            hewitt, nj
                                                            


                                                            howell township, nj
                                                            


                                                            ledgewood, nj
                                                            


                                                            mickleton, nj
                                                            


                                                            millville, nj
                                                            


                                                            mullica hill, nj
                                                            


                                                            newton, nj
                                                            


                                                            rio grande, nj
                                                            


                                                            sewell, nj
                                                            


                                                            smithville, nj
                                                            


                                                            west deptford, nj
                                                            


                                                            west milford, nj
                                                            


                                                            williamstown, nj
                                                            







new mexico



                                                            albuquerque, nm
                                                            


                                                            bernalillo, nm
                                                            


                                                            clovis, nm
                                                            


                                                            los lunas, nm
                                                            


                                                            santa fe, nm
                                                            







new york



                                                            bayport, ny
                                                            


                                                            frankfort, ny
                                                            


                                                            glenmont, ny
                                                            


                                                            middletown, ny
                                                            


                                                            patchogue, ny
                                                            


                                                            rome, ny
                                                            


                                                            selkirk, ny
                                                            







north carolina



                                                            cary, nc
                                                            


                                                            charlotte, nc
                                                            


                                                            durham, nc
                                                            


                                                            fayetteville, nc
                                                            


                                                            indian trail, nc
                                                            


                                                            matthews, nc
                                                            


                                                            morrisville, nc
                                                            


                                                            mount holly, nc
                                                            


                                                            raleigh, nc
                                                            


                                                            wilmington, nc
                                                            


                                                            wilson, nc
                                                            







ohio



                                                            canton, oh
                                                            


                                                            cincinnati, oh
                                                            


                                                            cleveland heights, oh
                                                            


                                                            cleves, oh
                                                            


                                                            dayton, oh
                                                            


                                                            euclid, oh
                                                            


                                                            huber heights, oh
                                                            


                                                            kettering, oh
                                                            


                                                            mason, oh
                                                            


                                                            mentor, oh
                                                            


                                                            montgomery, oh
                                                            


                                                            mount vernon, oh
                                                            


                                                            north canton, oh
                                                            


                                                            norwood, oh
                                                            


                                                            perry, oh
                                                            


                                                            south euclid, oh
                                                            


                                                            springfield, oh
                                                            


                                                            willoughby, oh
                                                            







oklahoma



                                                            edmond, ok
                                                            


                                                            guthrie, ok
                                                            


                                                            midwest city, ok
                                                            


                                                            moore, ok
                                                            


                                                            mustang, ok
                                                            


                                                            norman, ok
                                                            


                                                            oklahoma city, ok
                                                            


                                                            sand springs, ok
                                                            


                                                            tulsa, ok
                                                            


                                                            yukon, ok
                                                            







oregon



                                                            amity, or
                                                            


                                                            banks, or
                                                            


                                                            bend, or
                                                            


                                                            canby, or
                                                            


                                                            clackamas, or
                                                            


                                                            corvallis, or
                                                            


                                                            damascus, or
                                                            


                                                            estacada, or
                                                            


                                                            eugene, or
                                                            


                                                            forest grove, or
                                                            


                                                            gladstone, or
                                                            


                                                            gresham, or
                                                            


                                                            happy valley, or
                                                            


                                                            hillsboro, or
                                                            


                                                            hood river, or
                                                            


                                                            hubbard, or
                                                            


                                                            independence, or
                                                            


                                                            mcminnville, or
                                                            


                                                            molalla, or
                                                            


                                                            newberg, or
                                                            


                                                            oregon city, or
                                                            


                                                            portland, or
                                                            


                                                            prineville, or
                                                            


                                                            redmond, or
                                                            


                                                            roseburg, or
                                                            


                                                            salem, or
                                                            


                                                            sandy, or
                                                            


                                                            scappoose, or
                                                            


                                                            sheridan, or
                                                            


                                                            sherwood, or
                                                            


                                                            springfield, or
                                                            


                                                            st helens, or
                                                            


                                                            terrebonne, or
                                                            


                                                            the dalles, or
                                                            


                                                            troutdale, or
                                                            


                                                            tualatin, or
                                                            


                                                            west linn, or
                                                            


                                                            wilsonville, or
                                                            


                                                            woodburn, or
                                                            







pennsylvania



                                                            allentown, pa
                                                            


                                                            aston, pa
                                                            


                                                            carlisle, pa
                                                            


                                                            collegeville, pa
                                                            


                                                            dillsburg, pa
                                                            


                                                            douglassville, pa
                                                            


                                                            dover, pa
                                                            


                                                            easton, pa
                                                            


                                                            ephrata, pa
                                                            


                                                            etters, pa
                                                            


                                                            fredericksburg, pa
                                                            


                                                            glen rock, pa
                                                            


                                                            glenside, pa
                                                            


                                                            harrisburg, pa
                                                            


                                                            huntingdon, pa
                                                            


                                                            jonestown, pa
                                                            


                                                            lancaster, pa
                                                            


                                                            lewistown, pa
                                                            


                                                            lititz, pa
                                                            


                                                            manheim, pa
                                                            


                                                            mechanicsburg, pa
                                                            


                                                            pennsburg, pa
                                                            


                                                            pittsburgh, pa
                                                            


                                                            pottstown, pa
                                                            


                                                            quarryville, pa
                                                            


                                                            stroudsburg, pa
                                                            


                                                            telford, pa
                                                            


                                                            verona, pa
                                                            


                                                            warriors mark, pa
                                                            


                                                            york, pa
                                                            







puerto rico



                                                            caguas, pr
                                                            


                                                            carolina, pr
                                                            


                                                            catano, pr
                                                            


                                                            guaynabo, pr
                                                            


                                                            juncos, pr
                                                            


                                                            ponce, pr
                                                            


                                                            san juan, pr
                                                            


                                                            toa baja, pr
                                                            







rhode island



                                                            warwick, ri
                                                            







south carolina



                                                            charleston, sc
                                                            


                                                            rock hill, sc
                                                            


                                                            summerville, sc
                                                            







tennessee



                                                            alcoa, tn
                                                            


                                                            clarksville, tn
                                                            


                                                            franklin, tn
                                                            


                                                            friendsville, tn
                                                            


                                                            gallatin, tn
                                                            


                                                            hendersonville, tn
                                                            


                                                            hermitage, tn
                                                            


                                                            knoxville, tn
                                                            


                                                            lebanon, tn
                                                            


                                                            mt juliet, tn
                                                            


                                                            spring hill, tn
                                                            


                                                            white house, tn
                                                            







texas



                                                            alamo, tx
                                                            


                                                            allen, tx
                                                            


                                                            amarillo, tx
                                                            


                                                            anna, tx
                                                            


                                                            arlington, tx
                                                            


                                                            austin, tx
                                                            


                                                            baytown, tx
                                                            


                                                            bedford, tx
                                                            


                                                            bellville, tx
                                                            


                                                            belton, tx
                                                            


                                                            boerne, tx
                                                            


                                                            brownsville, tx
                                                            


                                                            bryan, tx
                                                            


                                                            buda, tx
                                                            


                                                            burleson, tx
                                                            


                                                            canyon lake, tx
                                                            


                                                            canyon, tx
                                                            


                                                            carrollton, tx
                                                            


                                                            celina, tx
                                                            


                                                            cibolo, tx
                                                            


                                                            college station, tx
                                                            


                                                            conroe, tx
                                                            


                                                            corpus christi, tx
                                                            


                                                            crowley, tx
                                                            


                                                            cypress, tx
                                                            


                                                            dallas, tx
                                                            


                                                            deer park, tx
                                                            


                                                            del valle, tx
                                                            


                                                            denton, tx
                                                            


                                                            dickinson, tx
                                                            


                                                            donna, tx
                                                            


                                                            dripping springs, tx
                                                            


                                                            edinburg, tx
                                                            


                                                            el paso, tx
                                                            


                                                            forney, tx
                                                            


                                                            fort worth, tx
                                                            


                                                            fulshear, tx
                                                            


                                                            garland, tx
                                                            


                                                            georgetown, tx
                                                            


                                                            grand prairie, tx
                                                            


                                                            harlingen, tx
                                                            


                                                            houston, tx
                                                            


                                                            humble, tx
                                                            


                                                            irving, tx
                                                            


                                                            katy, tx
                                                            


                                                            kemah, tx
                                                            


                                                            killeen, tx
                                                            


                                                            la feria, tx
                                                            


                                                            la marque, tx
                                                            


                                                            la porte, tx
                                                            


                                                            league city, tx
                                                            


                                                            leander, tx
                                                            


                                                            longview, tx
                                                            


                                                            los fresnos, tx
                                                            


                                                            manvel, tx
                                                            


                                                            mcallen, tx
                                                            


                                                            mcallen, tx
                                                            


                                                            mercedes, tx
                                                            


                                                            mesquite, tx
                                                            


                                                            mineral wells, tx
                                                            


                                                            mission, tx
                                                            


                                                            missouri city, tx
                                                            


                                                            montgomery, tx
                                                            


                                                            murphy, tx
                                                            


                                                            pantego, tx
                                                            


                                                            pasadena, tx
                                                            


                                                            pharr, tx
                                                            


                                                            port isabel, tx
                                                            


                                                            richmond, tx
                                                            


                                                            rosenberg, tx
                                                            


                                                            round rock, tx
                                                            


                                                            san antonio, tx
                                                            


                                                            san benito, tx
                                                            


                                                            san juan, tx
                                                            


                                                            seguin, tx
                                                            


                                                            spicewood, tx
                                                            


                                                            spring, tx
                                                            


                                                            stephenville, tx
                                                            


                                                            taylor, tx
                                                            


                                                            temple, tx
                                                            


                                                            terrell, tx
                                                            


                                                            tomball, tx
                                                            


                                                            weatherford, tx
                                                            


                                                            webster, tx
                                                            


                                                            weslaco, tx
                                                            


                                                            wimberley, tx
                                                            


                                                            wylie, tx
                                                            







utah



                                                            spanish fork, ut
                                                            







virginia



                                                            daleville, va
                                                            


                                                            gainesville, va
                                                            


                                                            lynchburg, va
                                                            


                                                            madison heights, va
                                                            


                                                            norfolk, va
                                                            


                                                            ruther glen, va
                                                            







washington



                                                            battle ground, wa
                                                            


                                                            camas, wa
                                                            


                                                            centralia, wa
                                                            


                                                            chehalis, wa
                                                            


                                                            kelso, wa
                                                            


                                                            ridgefield, wa
                                                            


                                                            spanaway, wa
                                                            


                                                            spokane valley, wa
                                                            


                                                            tacoma, wa
                                                            


                                                            vancouver, wa
                                                            


















find storage
















                                            storage help
                                        



                                                            types of storage
                                                        



                                                            moving guide
                                                        



                                                            storage faq
                                                        



                                                            storage features and amenities
                                                        



                                                            storage organization
                                                        





                                            size guide
                                        



                                            contact us
                                        



                                                            blog
                                                        



                                                            careers
                                                        



                                                            accessibility
                                                        



                                                            california collection notice
                                                        



                                                            cookie policy
                                                        







need help?


                                    my account
                                
contact



follow us



                    facebook
                    


 




                    twitter
                    


 




                    linkedin
                    


 




                    pinterest
                    


 




                    instagram
                    


 





pricing and promotions are subject to change based on availability, promotions and discounts may apply to new customers. storage unit square footage may vary slightly from listed size estimate. prices exclude insurance and one time administrative fee.




                    2025 nsa storage. all rights reserved. privacy policy
                                            | terms of service
                                                                | your privacy choices











